adp_rank,adp_slot,adp_master,player,pos,team,is_rookie,off_rank,off_flag,bye_week,adp_ffc,adp_ffc_stdev,adp_mfl,adp_espn,adp_fantasy_football_adp,adp_ppr_overall_7d_08222026,sources_n,adp_spread,mfl_id
1,1.01,1.0,Jahmyr Gibbs,RB,DET,False,3,TOP5,6,1.6,0.7,2.4,1.48,1.4,1.0,5,1.4,16162
2,1.02,2.0,Bijan Robinson,RB,ATL,False,21,,11,1.9,0.8,2.65,2.54,2.0,2.0,5,0.8,16161
3,1.03,3.0,Ja'Marr Chase,WR,CIN,False,8,,6,3.9,1.0,3.88,4.02,3.4,3.0,5,1.0,15281
4,1.04,4.0,Puka Nacua,WR,LAR,False,1,TOP5,11,3.1,0.9,6.89,4.84,4.5,4.0,5,3.8,16211
5,1.06,5.8,Jaxon Smith-Njigba,WR,SEA,False,6,,11,5.4,1.0,8.29,5.8,6.1,5.8,5,2.9,16185
6,1.06,6.0,Christian McCaffrey,RB,SF,False,17,,8,6.5,1.6,14.26,6.92,6.4,6.0,5,8.3,13130
7,1.07,7.0,Jonathan Taylor,RB,IND,False,23,,13,7.4,1.7,10.92,7.89,7.7,7.0,5,3.9,14802
8,1.08,7.7,Amon-Ra St. Brown,WR,DET,False,3,TOP5,6,6.3,1.3,9.71,8.32,8.0,7.7,5,3.4,15287
9,1.10,10.2,James Cook III,RB,BUF,False,2,TOP5,7,12.6,2.8,14.55,12.72,11.0,10.2,5,4.4,15715
10,1.11,10.8,CeeDee Lamb,WR,DAL,False,4,TOP5,14,10.5,2.0,15.21,10.66,11.8,10.8,5,4.7,14832
11,1.12,12.2,Ashton Jeanty,RB,LV,False,32,BOT5,13,15.2,3.0,13.73,16.51,12.5,12.2,5,4.3,17042
12,2.01,12.7,Justin Jefferson,WR,MIN,False,25,,6,11.7,2.3,16.29,12.14,13.0,12.7,5,4.6,14836
13,2.02,14.0,De'Von Achane,RB,MIA,False,30,BOT5,6,10.3,1.9,19.25,12.04,14.3,14.0,5,9.0,16167
14,2.02,14.3,Saquon Barkley,RB,PHI,False,12,,10,19.8,3.4,22.56,16.05,15.5,14.3,5,8.3,13604
15,2.03,15.3,Chase Brown,RB,CIN,False,8,,6,13.5,2.7,23.2,23.41,16.0,15.3,5,9.9,16181
16,2.05,17.2,Kenneth Walker,RB,KC,False,7,,5,22.3,4.0,25.0,22.93,18.6,17.2,5,7.8,15711
17,2.06,17.5,Omarion Hampton,RB,LAC,False,14,,7,23.2,4.3,22.17,27.61,17.8,17.5,5,10.1,17044
18,2.06,18.0,Drake London,WR,ATL,False,21,,11,9.9,1.5,24.18,18.74,19.2,18.0,5,14.3,15751
19,2.07,18.7,Derrick Henry,RB,BAL,False,15,,13,17.7,2.6,27.82,19.44,19.9,18.7,5,10.1,12626
20,2.08,19.7,Brock Bowers,TE,LV,False,32,BOT5,13,35.5,7.0,16.43,23.98,20.8,19.7,5,19.1,16641
21,2.10,21.8,A.J. Brown,WR,NE,False,5,TOP5,11,18.1,3.3,28.04,27.14,22.6,21.8,5,9.9,14104
22,2.11,22.8,Trey McBride,TE,ARI,False,29,BOT5,14,28.7,4.7,19.43,20.1,23.2,22.8,5,9.3,15794
23,2.12,23.7,Nico Collins,WR,HOU,False,11,,8,21.2,3.0,32.08,27.43,25.1,23.7,5,10.9,15290
24,3.01,24.7,George Pickens,WR,DAL,False,4,TOP5,14,19.7,2.7,32.22,30.14,25.2,24.7,5,12.5,15762
25,3.01,25.2,Rashee Rice,WR,KC,False,7,,5,14.8,2.2,36.94,22.26,27.7,25.2,5,22.1,16194
26,3.03,27.0,Jeremiyah Love,RB,ARI,True,29,BOT5,14,29.0,4.2,11.84,20.27,27.0,27.0,5,17.2,17472
27,3.03,27.3,Malik Nabers,WR,NYG,False,27,,8,27.2,3.5,29.16,35.22,29.8,27.3,5,8.0,16615
28,3.03,27.3,Chris Olave,WR,NO,False,20,,8,20.7,3.6,35.56,33.33,29.9,27.3,5,14.9,15754
29,3.06,30.0,Josh Allen,QB,BUF,False,2,TOP5,7,33.6,8.3,8.0,22.05,27.7,30.0,5,25.6,13589
30,3.06,30.3,Breece Hall,RB,NYJ,False,28,BOT5,13,34.4,5.4,38.65,32.03,32.0,30.3,5,8.3,15708
31,3.06,30.5,Kyren Williams,RB,LAR,False,1,TOP5,11,31.4,4.5,35.04,43.03,31.9,30.5,5,12.5,15710
32,3.08,31.8,DeVonta Smith,WR,PHI,False,12,,10,29.3,3.7,37.92,40.13,34.3,31.8,5,10.8,15282
33,3.10,34.3,Javonte Williams,RB,DAL,False,4,TOP5,14,36.8,4.8,41.75,37.15,35.6,34.3,5,7.5,15256
34,3.10,34.3,Zay Flowers,WR,BAL,False,15,,13,24.9,2.9,41.53,41.56,37.2,34.3,5,16.7,16190
35,3.11,35.0,Josh Jacobs,RB,GB,False,18,,11,31.2,4.2,42.99,35.49,36.0,35.0,5,11.8,14073
36,4.02,37.7,Tee Higgins,WR,CIN,False,8,,6,35.8,5.0,47.2,57.26,39.7,37.7,5,21.5,14835
37,4.02,38.5,Emeka Egbuka,WR,TB,False,22,,10,36.2,4.8,41.81,46.16,39.6,38.5,5,10.0,17081
38,4.03,38.8,Tetairoa McMillan,WR,CAR,False,24,,5,33.2,3.6,40.29,42.31,39.9,38.8,5,9.1,17071
39,4.03,39.3,Ladd McConkey,WR,LAC,False,14,,7,37.5,4.3,41.0,52.08,43.9,39.3,5,14.6,16627
40,4.04,39.7,Garrett Wilson,WR,NYJ,False,28,BOT5,13,26.3,2.9,41.49,36.29,41.6,39.7,5,15.3,15753
41,4.04,40.0,Colston Loveland,TE,CHI,False,10,,10,56.3,8.8,33.68,45.16,41.6,40.0,5,22.6,17104
42,4.05,41.2,Cam Skattebo,RB,NYG,False,27,,8,36.0,5.0,43.17,43.88,42.0,41.2,5,7.9,17045
43,4.06,41.7,Travis Etienne Jr.,RB,NO,False,20,,8,41.4,4.8,49.83,46.55,42.7,41.7,5,8.4,15253
44,4.07,42.7,Jaylen Waddle,WR,DEN,False,13,,10,45.9,5.4,50.3,59.52,47.2,42.7,5,16.8,15284
45,4.12,47.8,Bucky Irving,RB,TB,False,22,,10,45.8,4.5,49.16,55.38,51.2,47.8,5,9.6,16598
46,4.12,48.5,Tyler Warren,TE,IND,False,23,,13,64.4,9.4,40.79,48.33,51.3,48.5,5,23.6,17102
47,5.01,48.7,Quinshon Judkins,RB,CLE,False,31,BOT5,11,51.1,5.4,49.36,54.91,51.9,48.7,5,6.2,17051
48,5.01,48.8,D'Andre Swift,RB,CHI,False,10,,10,45.9,4.5,51.31,67.75,52.1,48.8,5,21.8,14797
49,5.02,49.7,Terry McLaurin,WR,WSH,False,19,,7,46.7,4.7,56.9,61.39,53.4,49.7,5,14.7,14109
50,5.02,50.3,Luther Burden III,WR,CHI,False,10,,10,59.6,7.6,59.95,77.33,53.7,50.3,5,27.0,17070
51,5.03,50.7,Lamar Jackson,QB,BAL,False,15,,13,56.8,7.1,22.53,38.61,48.8,50.7,5,34.3,13593
52,5.04,51.8,David Montgomery,RB,HOU,False,11,,8,58.3,6.5,54.55,73.06,53.7,51.8,5,21.3,14071
53,5.04,52.2,Davante Adams,WR,LAR,False,1,TOP5,11,41.6,4.4,51.89,47.05,52.2,52.2,5,10.6,11675
54,5.06,53.7,DJ Moore,WR,BUF,False,2,TOP5,7,49.0,6.3,55.88,64.95,59.1,53.7,5,16.0,13635
55,5.07,54.8,Jameson Williams,WR,DET,False,3,TOP5,6,43.9,4.0,56.04,68.59,58.2,54.8,5,24.7,15756
56,5.07,55.3,Bhayshul Tuten,RB,JAX,False,9,,7,53.2,5.9,55.84,75.83,60.5,55.3,5,22.6,17052
57,5.09,57.2,Rome Odunze,WR,CHI,False,10,,10,50.7,6.1,57.35,67.47,62.7,57.2,5,16.8,16616
58,5.11,59.3,TreVeyon Henderson,RB,NE,False,5,TOP5,11,60.6,6.5,53.91,78.39,57.7,59.3,5,24.5,17043
59,5.12,59.7,Drake Maye,QB,NE,False,5,TOP5,11,51.5,7.2,19.03,47.32,57.3,59.7,5,40.7,16580
60,6.01,60.7,Mike Evans,WR,SF,False,17,,8,52.9,6.2,65.19,93.91,63.0,60.7,5,41.0,11671
61,6.02,62.5,Jadarian Price,RB,SEA,True,6,,11,80.5,11.5,24.84,79.36,67.5,62.5,5,55.7,17473
62,6.04,63.5,Christian Watson,WR,GB,False,18,,11,58.6,6.3,61.41,99.64,66.5,63.5,5,41.0,15789
63,6.04,64.5,Joe Burrow,QB,CIN,False,8,,6,56.7,7.9,29.0,59.73,59.3,64.5,5,35.5,14777
64,6.07,67.3,Jayden Daniels,QB,WSH,False,19,,7,73.1,10.2,33.0,50.81,66.8,67.3,5,40.1,16581
65,6.08,67.5,Carnell Tate,WR,TEN,True,26,,9,74.9,9.4,25.27,77.0,69.8,67.5,5,51.7,17497
66,6.08,68.0,Parker Washington,WR,JAX,False,9,,7,64.7,7.7,62.59,97.78,75.6,68.0,5,35.2,16192
67,6.10,69.5,Marvin Harrison Jr.,WR,ARI,False,29,BOT5,14,66.2,7.8,65.45,89.28,74.9,69.5,5,23.8,16614
68,6.10,70.5,Sam LaPorta,TE,DET,False,3,TOP5,6,90.5,17.3,63.91,67.23,76.4,70.5,5,26.6,16214
69,6.11,71.0,Jalen Hurts,QB,PHI,False,12,,10,80.3,11.8,39.73,52.03,71.5,71.0,5,40.6,14783
70,7.01,73.2,Rhamondre Stevenson,RB,NE,False,5,TOP5,11,70.0,7.0,72.26,91.57,82.3,73.2,5,21.6,15259
71,7.01,73.3,Brian Thomas Jr.,WR,JAX,False,9,,7,71.9,7.6,67.45,105.37,77.8,73.3,5,37.9,16618
72,7.02,74.2,Jaylen Warren,RB,PIT,False,16,,9,59.8,5.8,67.22,101.87,76.0,74.2,5,42.1,15742
73,7.02,74.3,Tucker Kraft,TE,GB,False,18,,11,102.7,20.0,60.79,94.09,75.5,74.3,5,41.9,16222
74,7.03,74.7,Kyle Pitts Sr.,TE,ATL,False,21,,11,76.1,8.7,59.87,65.59,77.5,74.7,5,17.6,15329
75,7.04,76.5,DK Metcalf,WR,PIT,False,16,,9,65.0,7.3,73.75,87.37,79.9,76.5,5,22.4,14102
76,7.05,77.2,Harold Fannin Jr.,TE,CLE,False,31,BOT5,11,78.3,7.4,65.24,76.51,79.0,77.2,5,13.8,17103
77,7.08,79.8,Caleb Williams,QB,CHI,False,10,,10,88.7,12.3,37.41,92.36,77.9,79.8,5,55.0,16579
78,7.09,80.7,Tony Pollard,RB,TEN,False,26,,9,68.3,7.3,77.14,105.39,82.8,80.7,5,37.1,14085
79,7.10,81.7,Courtland Sutton,WR,DEN,False,13,,10,60.4,6.8,80.19,82.95,82.9,81.7,5,22.6,13630
80,7.11,83.0,Dak Prescott,QB,DAL,False,4,TOP5,14,65.0,7.9,48.26,86.4,82.5,83.0,5,38.1,12620
81,7.12,83.7,Rico Dowdle,RB,PIT,False,16,,9,75.4,7.9,84.43,107.34,88.3,83.7,5,31.9,14823
82,8.04,87.5,Alec Pierce,WR,IND,False,23,,13,61.6,7.7,84.9,99.87,90.4,87.5,5,38.3,15768
83,8.04,88.0,Justin Herbert,QB,LAC,False,14,,7,106.1,14.4,46.59,108.36,87.4,88.0,5,61.8,14779
84,8.04,88.0,Jonathon Brooks,RB,CAR,False,24,,5,104.1,15.1,71.82,121.98,97.7,88.0,5,50.2,16597
85,8.06,89.7,Trevor Lawrence,QB,JAX,False,9,,7,92.7,12.3,51.18,94.16,91.5,89.7,5,43.0,15237
86,8.06,90.2,Michael Wilson,WR,ARI,False,29,BOT5,14,76.5,8.1,81.92,105.78,95.2,90.2,5,29.3,16206
87,8.08,92.2,Chuba Hubbard,RB,CAR,False,24,,5,77.8,9.0,89.26,120.4,89.0,92.2,5,42.6,15261
88,8.09,93.0,J.K. Dobbins,RB,DEN,False,13,,10,93.3,11.8,88.19,120.44,99.2,93.0,5,32.2,14800
89,8.10,94.0,George Kittle,TE,SF,False,17,,8,118.2,19.1,82.11,99.91,99.8,94.0,5,36.1,13299
90,8.10,94.2,RJ Harvey,RB,DEN,False,13,,10,84.5,11.3,79.96,138.34,88.7,94.2,5,58.4,17068
91,8.10,94.2,Chris Godwin Jr.,WR,TB,False,22,,10,80.5,8.3,81.9,146.2,98.2,94.2,5,65.7,13163
92,8.10,94.5,Michael Pittman Jr.,WR,PIT,False,16,,9,74.6,7.9,99.78,91.1,99.4,94.5,5,25.2,14842
93,8.11,95.3,Quentin Johnston,WR,LAC,False,14,,7,93.8,8.9,95.54,139.51,100.3,95.3,5,45.7,16188
94,9.03,98.8,Josh Downs,WR,IND,False,23,,13,82.9,8.3,93.79,126.66,101.6,98.8,5,43.8,16187
95,9.03,99.2,Jaxson Dart,QB,NYG,False,27,,8,118.1,12.8,61.33,76.45,96.0,99.2,5,56.8,17032
96,9.03,99.3,Blake Corum,RB,LAR,False,1,TOP5,11,120.5,18.8,94.52,139.29,101.8,99.3,5,44.8,16593
97,9.05,100.7,Jordan Addison,WR,MIN,False,25,,6,98.1,8.7,111.09,119.26,109.7,100.7,5,21.2,16186
98,9.06,102.0,Jayden Reed,WR,GB,False,18,,11,94.1,9.1,117.21,132.49,112.0,102.0,5,38.4,16184
99,9.06,102.2,Kenny Gainwell,RB,TB,False,22,,10,90.6,10.5,92.42,120.66,104.5,102.2,5,30.1,15255
100,9.07,103.3,Brock Purdy,QB,SF,False,17,,8,89.0,12.9,64.13,104.23,105.8,103.3,5,41.7,15698
101,9.07,103.3,Travis Kelce,TE,KC,False,7,,5,109.6,20.9,86.87,99.12,106.1,103.3,5,22.7,11244
102,9.08,103.7,Kyle Monangai,RB,CHI,False,10,,10,111.7,14.5,101.98,129.27,101.7,103.7,5,27.6,17066
103,9.08,103.7,Jacory Croskey-Merritt,RB,WSH,False,19,,7,118.1,15.3,102.18,133.48,114.5,103.7,5,31.3,17256
104,9.09,104.8,Makai Lemon,WR,PHI,True,12,,10,115.8,10.4,35.54,141.98,103.4,104.8,5,106.4,17499
105,9.09,105.3,Wan'Dale Robinson,WR,TEN,False,26,,9,86.1,8.1,104.05,116.66,108.8,105.3,5,30.6,15757
106,9.10,106.0,Jordyn Tyson,WR,NO,True,20,,8,114.0,21.9,31.54,137.05,95.2,106.0,5,105.5,17498
107,9.10,106.3,Jordan Mason,RB,MIN,False,25,,6,120.1,16.3,103.12,145.05,113.7,106.3,5,41.9,15972
108,9.11,107.0,Matthew Stafford,QB,LAR,False,1,TOP5,11,77.4,11.7,61.18,80.1,101.9,107.0,5,45.8,9431
109,9.12,108.2,Stefon Diggs,WR,WSH,False,19,,7,91.4,8.8,105.85,129.59,115.3,108.2,5,38.2,12186
110,9.12,108.5,Isaiah Likely,TE,NYG,False,27,,8,137.3,18.0,92.23,129.0,115.1,108.5,5,45.1,15798
111,10.01,108.7,Dalton Kincaid,TE,BUF,False,2,TOP5,7,150.5,19.6,104.47,133.82,115.1,108.7,5,46.0,16213
112,10.01,108.8,Patrick Mahomes,QB,KC,False,7,,5,101.9,12.0,57.0,108.61,107.2,108.8,5,51.8,13116
113,10.01,109.0,Dallas Goedert,TE,PHI,False,12,,10,110.1,21.8,92.15,100.15,114.6,109.0,5,22.4,13674
114,10.01,109.3,Jakobi Meyers,WR,JAX,False,9,,7,88.9,7.5,123.18,113.62,111.7,109.3,5,34.3,14127
115,10.03,111.2,Matthew Golden,WR,GB,False,18,,11,106.4,9.0,116.54,105.83,121.8,111.2,5,16.0,17075
116,10.05,113.2,Rachaad White,RB,WSH,False,19,,7,108.7,13.0,117.07,134.61,114.9,113.2,5,25.9,15721
117,10.06,114.0,Bo Nix,QB,DEN,False,13,,10,113.2,14.0,61.21,88.86,111.3,114.0,5,52.8,16582
118,10.11,118.7,Jake Ferguson,TE,DAL,False,4,TOP5,14,133.3,17.5,99.45,112.04,114.0,118.7,5,33.9,15799
119,10.11,119.0,Aaron Jones Sr.,RB,MIN,False,25,,6,100.8,12.7,111.78,132.43,123.0,119.0,5,31.6,13319
120,10.11,119.0,KC Concepcion,WR,CLE,True,31,BOT5,11,120.9,11.0,39.88,148.38,127.4,119.0,5,108.5,17501
121,10.12,120.3,Mark Andrews,TE,BAL,False,15,,13,129.4,18.1,109.68,122.44,125.9,120.3,5,19.7,13671
122,11.01,121.2,Xavier Worthy,WR,KC,False,7,,5,106.3,8.1,134.19,131.46,127.3,121.2,5,27.9,16620
123,11.06,126.3,Jared Goff,QB,DET,False,3,TOP5,6,100.1,13.5,70.57,138.47,119.4,126.3,5,67.9,12611
124,11.07,126.7,De'Zhaun Stribling,WR,SF,True,17,,8,141.2,18.0,47.47,156.15,156.7,126.7,5,109.2,17514
125,11.09,129.3,Romeo Doubs,WR,NE,False,5,TOP5,11,112.9,8.8,133.4,152.6,130.1,129.3,5,39.7,15779
126,11.10,129.7,Deebo Samuel Sr.,WR,SF,False,17,,8,113.3,9.0,124.35,135.03,138.7,129.7,5,25.4,14136
127,11.10,130.3,Khalil Shakir,WR,BUF,False,2,TOP5,7,100.2,9.0,118.9,125.02,132.3,130.3,5,32.1,15761
128,11.11,131.0,Chris Rodriguez Jr.,RB,JAX,False,9,,7,156.6,22.1,143.32,166.86,139.5,131.0,5,35.9,16174
129,12.02,133.7,Jalen Coker,WR,CAR,False,24,,5,120.5,9.9,133.9,160.85,137.5,133.7,5,40.3,16809
130,12.03,135.0,Kyler Murray,QB,MIN,False,25,,6,133.5,13.0,83.18,147.3,131.2,135.0,5,64.1,14056
131,12.03,135.4,Brandon Aubrey,K,DAL,False,4,TOP5,14,130.3,21.4,110.29,85.38,,135.4,4,50.0,16414
132,12.08,139.5,Baker Mayfield,QB,TB,False,22,,10,129.5,10.3,80.36,148.77,132.8,139.5,5,68.4,13590
133,12.08,140.3,Houston Defense,DST,HOU,False,11,,8,97.0,9.6,100.84,86.35,111.0,140.3,5,54.0,0532
134,12.08,140.5,Zach Charbonnet,RB,SEA,False,6,,11,135.8,16.6,114.74,156.15,142.5,140.5,5,41.4,16169
135,12.09,140.7,Woody Marks,RB,HOU,False,11,,8,144.9,14.5,139.66,151.75,143.6,140.7,5,12.1,17053
136,12.09,141.3,LA Rams Defense,DST,LAR,False,1,TOP5,11,108.3,10.8,112.67,102.91,120.4,141.3,5,38.4,0528
137,12.09,141.3,Rashid Shaheed,WR,SEA,False,6,,11,128.2,12.1,157.02,157.34,144.5,141.3,5,29.1,16080
138,13.01,144.7,Hunter Henry,TE,NE,False,5,TOP5,11,,21.4,132.13,142.92,153.2,144.7,4,21.1,12676
139,13.01,145.2,Tyler Allgeier,RB,ARI,False,29,BOT5,14,155.1,22.6,147.57,167.08,143.0,145.2,5,24.1,15712
140,13.02,146.2,Keaton Mitchell,RB,LAC,False,14,,7,,22.3,139.59,169.35,147.8,146.2,4,29.8,16178
141,13.03,146.8,Tyler Shough,QB,NO,False,20,,8,134.5,13.0,88.18,155.57,139.5,146.8,5,67.4,17039
142,13.04,147.5,Tyjae Spears,RB,TEN,False,26,,9,,14.7,144.47,163.3,153.3,147.5,4,18.8,16165
143,13.04,147.8,Tyrone Tracy Jr.,RB,NYG,False,27,,8,151.1,17.1,139.33,167.21,138.6,147.8,5,28.6,16747
144,13.05,148.7,Seattle Defense,DST,SEA,False,6,,11,82.9,8.6,101.78,108.0,128.6,148.7,5,65.8,0515
145,13.05,149.2,Juwan Johnson,TE,NO,False,20,,8,139.9,24.4,127.06,163.89,150.7,149.2,5,36.8,14861
146,13.05,149.4,Travis Hunter,WR,JAX,False,9,,7,,22.1,149.11,119.75,174.3,149.4,4,54.6,17074
147,13.07,150.8,Denzel Boston,WR,CLE,True,31,BOT5,11,140.1,14.4,48.54,166.42,151.5,150.8,5,117.9,17500
148,13.08,152.3,Denver Defense,DST,DEN,False,13,,10,87.9,7.8,112.51,95.94,124.7,152.3,5,64.4,0511
149,13.08,152.3,Jonah Coleman,RB,DEN,True,13,,10,,18.4,42.73,169.74,154.5,152.3,4,127.0,17477
150,13.09,152.7,Brenton Strange,TE,JAX,False,9,,7,,18.4,141.27,167.85,146.2,152.7,4,26.6,16269
151,13.09,153.3,Jordan Love,QB,GB,False,18,,11,145.3,13.2,79.41,159.27,137.5,153.3,5,79.9,14782
152,13.12,156.0,Alvin Kamara,RB,NO,False,20,,8,142.8,23.9,145.8,158.26,154.0,156.0,5,15.5,13132
153,14.01,156.7,Malik Willis,QB,MIA,False,30,BOT5,6,161.6,12.7,90.38,166.73,149.5,156.7,5,76.4,15694
154,14.01,156.8,Tank Bigsby,RB,PHI,False,12,,10,,21.6,161.49,168.98,161.9,156.8,4,12.2,16164
155,14.03,158.7,Philadelphia Defense,DST,PHI,False,12,,10,137.7,16.9,131.34,135.22,149.8,158.7,5,27.4,0518
156,14.03,158.8,Chig Okonkwo,TE,WSH,False,19,,7,,18.5,137.02,169.62,152.2,158.8,4,32.6,15889
157,14.04,160.0,Jason Myers,K,SEA,False,6,,11,139.4,19.1,143.61,116.69,,160.0,4,43.3,12437
158,14.05,161.2,Jalen McMillan,WR,TB,False,22,,10,135.4,12.3,163.64,168.3,162.5,161.2,5,32.9,16628
159,14.06,161.8,Cameron Dicker,K,LAC,False,14,,7,143.7,17.0,139.81,105.57,,161.8,4,56.2,15979
160,14.07,162.6,Ka'imi Fairbairn,K,HOU,False,11,,8,143.6,16.3,136.17,133.12,,162.6,4,29.5,12860
161,14.07,163.0,Jalen Nailor,WR,LV,False,32,BOT5,13,153.5,15.0,139.71,170.44,160.7,163.0,5,30.7,15786
162,14.08,163.5,Brian Robinson,RB,ATL,False,21,,11,,27.5,174.06,165.92,164.6,163.5,4,10.6,15716
163,14.08,164.0,Kenyon Sadiq,TE,NYJ,True,28,BOT5,13,,17.0,40.14,143.54,158.6,164.0,4,123.9,17543
164,14.08,164.0,T.J. Hockenson,TE,MIN,False,25,,6,,19.5,133.83,133.26,159.4,164.0,4,30.7,14138
165,14.11,166.7,Isiah Pacheco,RB,DET,False,3,TOP5,6,156.2,19.1,157.09,162.24,158.4,166.7,5,10.5,15749
166,14.11,166.7,MarShawn Lloyd,RB,GB,False,18,,11,,21.0,145.0,170.67,180.5,166.7,4,35.5,16604
167,15.01,168.7,Daniel Jones,QB,IND,False,23,,13,159.7,14.4,101.21,159.19,172.3,168.7,5,71.1,14059
168,15.02,169.7,New England Defense,DST,NE,False,5,TOP5,11,126.2,15.0,120.22,149.65,161.3,169.7,5,49.5,0504
169,15.03,171.0,Baltimore Defense,DST,BAL,False,15,,13,162.7,16.9,134.85,132.26,164.7,171.0,5,38.7,0531
170,15.03,171.0,Sam Darnold,QB,SEA,False,6,,11,141.3,13.1,96.26,162.35,172.5,171.0,5,76.2,13592
171,15.04,171.8,Dylan Sampson,RB,CLE,False,31,BOT5,11,,17.8,157.66,170.91,160.6,171.8,4,14.1,17047
172,15.04,172.0,Terrance Ferguson,TE,LAR,False,1,TOP5,11,,16.9,154.38,165.9,175.1,172.0,4,20.7,17107
173,15.04,172.0,Dontayvion Wicks,WR,PHI,False,12,,10,,16.8,166.96,170.83,199.4,172.0,4,32.4,16195
174,15.06,174.0,Tre Tucker,WR,LV,False,32,BOT5,13,132.8,8.5,157.93,168.23,168.5,174.0,5,41.2,16287
175,15.07,174.8,Cam Little,K,JAX,False,9,,7,154.0,17.7,148.25,138.13,,174.8,4,36.7,16680
176,15.07,175.3,Pittsburgh Defense,DST,PIT,False,16,,9,133.3,14.5,140.47,115.81,161.2,175.3,5,59.5,0510
177,15.08,176.3,Dalton Schultz,TE,HOU,False,11,,8,,24.8,141.26,167.91,169.4,176.3,4,35.0,13772
178,15.09,176.8,Mike Washington Jr.,RB,LV,True,32,BOT5,13,,19.8,59.48,169.65,179.8,176.8,4,120.3,17482
179,15.10,177.8,Tank Dell,WR,HOU,False,11,,8,157.4,16.3,161.59,164.0,189.8,177.8,5,32.4,16204
180,16.01,181.4,Adonai Mitchell,WR,NYJ,False,28,BOT5,13,,14.0,182.36,170.04,192.4,181.4,4,22.4,16626
181,16.05,184.6,Keenan Allen,WR,IND,False,23,,13,,11.3,175.45,168.62,215.8,184.6,4,47.2,11222
182,16.05,184.7,Jerry Jeudy,WR,CLE,False,31,BOT5,11,127.6,13.5,151.05,165.06,186.2,184.7,5,58.6,14833
183,16.06,185.7,Ja'Kobi Lane,WR,BAL,True,15,,13,,18.4,57.72,166.37,202.1,185.7,4,144.4,17517
184,16.06,185.8,Omar Cooper Jr.,WR,NYJ,True,28,BOT5,13,,27.3,39.93,171.09,166.4,185.8,4,145.9,17502
185,16.06,186.0,Tre' Harris,WR,LAC,False,14,,7,,19.7,162.07,,178.0,186.0,3,23.9,17072
186,16.06,186.3,Oronde Gadsden,TE,LAC,False,14,,7,,25.4,137.81,170.06,147.3,186.3,4,48.5,17099
187,16.07,186.7,C.J. Stroud,QB,HOU,False,11,,8,160.3,13.8,95.02,165.91,173.0,186.7,5,91.7,16150
188,16.07,187.2,Braelon Allen,RB,NYJ,False,28,BOT5,13,,17.2,164.0,170.61,191.1,187.2,4,27.1,16596
189,16.08,187.8,Ray Davis,RB,BUF,False,2,TOP5,7,,20.1,186.14,170.88,198.7,187.8,4,27.8,16603
190,16.09,189.0,Caleb Douglas,WR,MIA,True,30,BOT5,6,,24.3,57.82,169.44,223.0,189.0,4,165.2,17599
191,16.09,189.3,AJ Barner,TE,SEA,False,6,,11,,14.5,146.7,169.15,177.4,189.3,4,42.6,16723
192,16.10,190.0,LA Chargers Defense,DST,LAC,False,14,,7,143.0,14.5,134.77,163.56,176.6,190.0,5,55.2,0514
193,16.10,190.3,Detroit Defense,DST,DET,False,3,TOP5,6,,14.7,161.11,151.93,183.0,190.3,4,38.4,0522
194,16.12,192.0,Jake Bates,K,DET,False,3,TOP5,6,145.6,20.7,164.04,155.55,,192.0,4,46.4,16846
195,16.12,192.4,Emmett Johnson,RB,KC,True,7,,5,,11.1,55.13,,190.0,192.4,3,137.3,17474
196,17.01,193.2,Harrison Mevis,K,LAR,False,1,TOP5,11,,16.5,163.0,130.81,,193.2,3,62.4,16843
197,17.03,194.6,Malik Washington,WR,MIA,False,30,BOT5,6,149.4,15.8,126.16,170.37,184.3,194.6,5,68.4,16684
198,17.04,196.0,Jauan Jennings,WR,MIN,False,25,,6,,8.1,178.67,170.66,168.1,196.0,4,27.9,14860
199,17.05,196.8,Eddy Piñeiro,K,SF,False,17,,8,,16.0,176.9,148.76,,196.8,3,48.0,13719
200,17.05,197.2,Ryan Flournoy,WR,DAL,False,4,TOP5,14,,25.0,162.31,,190.9,197.2,3,34.9,16778
201,17.05,197.4,Jaydon Blue,RB,DAL,False,4,TOP5,14,,14.0,183.0,,185.9,197.4,3,14.4,17069
202,17.08,199.6,Cam Ward,QB,TEN,False,26,,9,,12.5,96.87,168.86,186.9,199.6,4,102.7,17030
203,17.08,200.0,Kaelon Black,RB,SF,True,17,,8,,20.1,64.01,,208.9,200.0,3,144.9,17485
204,17.08,200.4,Will Reichard,K,MIN,False,25,,6,,17.5,194.07,166.35,,200.4,3,34.1,16681
205,17.10,202.2,Tyler Loop,K,BAL,False,15,,13,154.0,15.2,179.29,163.9,,202.2,4,48.2,17222
206,17.12,204.0,Zachariah Branch,WR,ATL,True,21,,11,,,50.15,170.94,214.6,204.0,4,164.4,17507
207,18.01,205.2,Nicholas Singleton,RB,TEN,True,26,,9,,,49.12,,,205.2,2,156.1,17476
208,18.02,205.7,Jacksonville Defense,DST,JAX,False,9,,7,156.7,15.4,153.1,167.61,173.8,205.7,5,52.6,0509
209,18.02,206.0,Greg Dulcich,TE,MIA,False,30,BOT5,6,,19.1,114.83,,187.1,206.0,3,91.2,15797
210,18.05,209.3,Kansas City Defense,DST,KC,False,7,,5,,27.6,179.77,163.32,195.0,209.3,4,46.0,0512
211,18.07,210.8,Jaylin Noel,WR,HOU,False,11,,8,,13.0,210.62,,232.0,210.8,3,21.4,17080
212,18.07,211.3,Minnesota Defense,DST,MIN,False,25,,6,,9.0,127.27,168.52,164.2,211.3,4,84.0,0524
213,18.08,211.8,Gunnar Helm,TE,TEN,False,26,,9,,,140.61,,205.3,211.8,3,71.2,17105
214,18.09,213.3,Rashod Bateman,WR,BAL,False,15,,13,,13.1,213.36,170.98,229.4,213.3,4,58.4,15293
215,18.09,213.4,Pat Bryant,WR,DEN,False,13,,10,,18.4,167.93,,217.6,213.4,3,49.7,17082
216,18.10,213.8,Bryce Young,QB,CAR,False,24,,5,,11.7,100.29,168.86,195.2,213.8,4,113.5,16148
217,18.12,216.0,Harrison Butker,K,KC,False,7,,5,159.4,17.0,189.27,147.71,,216.0,4,68.3,13354
218,18.12,216.2,Cairo Santos,K,CHI,False,10,,10,,15.7,179.21,167.7,,216.2,3,48.5,11945
219,19.01,217.0,Calvin Ridley,WR,TEN,False,26,,9,,11.3,246.36,168.12,214.9,217.0,4,78.2,13629
220,19.02,218.0,Justice Hill,RB,BAL,False,15,,13,,14.3,191.47,170.85,207.3,218.0,4,47.2,14086
221,19.02,218.5,George Holani,RB,SEA,False,6,,11,,,148.13,,217.5,218.5,3,70.4,16608
222,19.03,219.0,Isaac TeSlaa,WR,DET,False,3,TOP5,6,,35.1,198.84,,190.9,219.0,3,28.1,17157
223,19.05,221.0,Green Bay Defense,DST,GB,False,18,,11,,19.4,200.58,168.36,191.7,221.0,4,52.6,0523
224,19.05,221.3,Chris Boswell,K,PIT,False,16,,9,,14.9,178.41,162.9,,221.3,3,58.4,11936
225,19.06,222.0,Jordan James,RB,SF,False,17,,8,,18.7,179.13,,205.8,222.0,3,42.9,17055
226,19.08,223.8,Evan McPherson,K,CIN,False,8,,6,,16.4,173.06,168.93,,223.8,3,54.9,15368
227,19.08,224.2,Cyrus Allen,WR,KC,True,7,,5,,22.7,62.64,169.45,210.1,224.2,4,161.6,17518
228,19.10,225.8,Fernando Mendoza,QB,LV,True,32,BOT5,13,,26.5,33.84,166.95,185.9,225.8,4,192.0,17462
229,19.10,226.2,Antonio Williams,WR,WSH,True,19,,7,,12.2,47.5,,217.3,226.2,3,178.7,17512
230,19.10,226.2,Devaughn Vele,WR,NO,False,20,,8,,30.1,,,249.7,226.2,2,23.5,16788
231,19.11,226.8,Demond Claiborne,RB,MIN,True,25,,6,,,60.62,,221.0,226.8,3,166.2,17481
232,19.11,227.0,Kimani Vidal,RB,LAC,False,14,,7,,,173.31,,198.5,227.0,3,53.7,16757
233,19.11,227.4,Kaytron Allen,RB,WSH,True,19,,7,,,55.95,,212.5,227.4,3,171.4,17478
234,19.12,227.5,Cade Otton,TE,TB,False,22,,10,,,169.61,,207.5,227.5,3,57.9,15802
235,19.12,227.6,Pat Freiermuth,TE,PIT,False,16,,9,,25.7,169.32,168.9,200.0,227.6,4,58.7,15331
236,19.12,228.4,Chase McLaughlin,K,TB,False,22,,10,154.3,14.8,198.25,169.44,,228.4,4,74.1,14717
237,20.01,228.7,Cooper Kupp,WR,SEA,False,6,,11,,19.2,184.14,168.85,212.1,228.7,4,59.8,13164
238,20.01,228.8,Kayshon Boutte,WR,NE,False,5,TOP5,11,,14.7,158.03,,213.6,228.8,3,70.8,16193
239,20.02,229.5,James Conner,RB,ARI,False,29,BOT5,14,,23.6,189.77,,193.0,229.5,3,39.7,13146
240,20.05,233.0,Eli Stowers,TE,PHI,True,12,,10,,,33.87,,241.7,233.0,3,207.8,17544
241,20.05,233.4,Germie Bernard,WR,PIT,True,16,,9,,12.2,42.02,170.96,237.4,233.4,4,195.4,17503
242,20.09,236.8,Najee Harris,RB,NYG,False,27,,8,,,,,242.7,236.8,2,5.9,15254
243,20.09,237.4,Sean Tucker,RB,TB,False,22,,10,,,211.54,,214.3,237.4,3,25.9,16166
244,20.10,238.0,Jacoby Brissett,QB,ARI,False,29,BOT5,14,,22.7,123.84,,220.0,238.0,3,114.2,12616
245,20.11,239.2,Malachi Fields,WR,NYG,True,27,,8,,29.6,51.37,,230.1,239.2,3,187.8,17511
246,21.02,241.8,Ted Hurst III,WR,TB,True,22,,10,,,52.64,,227.6,241.8,3,189.2,17520
247,21.04,243.8,Ollie Gordon II,RB,MIA,False,30,BOT5,6,,,194.09,,239.6,243.8,3,49.7,17059
248,21.04,244.0,Tyquan Thornton,WR,KC,False,7,,5,,,,,254.1,244.0,2,10.1,15787
249,21.04,244.2,David Njoku,TE,LAC,False,14,,7,,,202.53,,212.5,244.2,3,41.7,13192
250,21.04,244.3,Adam Randall,RB,BAL,True,15,,13,,,59.04,,248.0,244.3,3,189.0,17652
251,21.07,247.4,Chris Bell,WR,MIA,True,30,BOT5,6,,,40.84,,249.7,247.4,3,208.9,17506
252,21.08,247.5,Samaje Perine,RB,CIN,False,8,,6,,,,,239.3,247.5,2,8.2,13133
253,21.08,248.0,Colts D/ST,DST,IND,False,23,,13,,,,,226.8,248.0,2,21.2,0502
254,21.10,250.2,Keon Coleman,WR,BUF,False,2,TOP5,7,,51.0,189.69,,248.2,250.2,3,60.5,16617
255,21.11,251.4,Aaron Rodgers,QB,PIT,False,16,,9,,33.9,139.03,169.13,190.2,251.4,4,112.4,7836
256,21.12,251.8,Darren Waller,TE,CAR,False,24,,5,,,,,245.7,251.8,2,6.1,12263
257,22.02,253.8,Jaylen Wright,RB,MIA,False,30,BOT5,6,,,195.21,,235.5,253.8,3,58.6,16610
258,22.03,255.0,Seth McGowan,RB,IND,True,23,,13,,,66.99,,232.2,255.0,3,188.0,17475
259,22.03,255.0,Jack Bech,WR,LV,False,32,BOT5,13,,,192.64,,250.4,255.0,3,62.4,17078
260,22.03,255.3,Isaiah Davis,RB,NYJ,False,28,BOT5,13,,,,,255.8,255.3,2,0.5,16752
261,22.04,255.5,Geno Smith,QB,NYJ,False,28,BOT5,13,,,153.11,,203.8,255.5,3,102.4,11150
262,22.04,256.3,Buccaneers D/ST,DST,TB,False,22,,10,,,,169.76,231.9,256.3,3,86.5,0525
263,22.06,258.3,Evan Engram,TE,DEN,False,13,,10,,,231.38,,233.6,258.3,3,26.9,13189
264,22.07,259.3,San Francisco Defense,DST,SF,False,17,,8,,32.3,,168.68,208.9,259.3,3,90.6,0530
265,22.08,259.6,Darnell Mooney,WR,NYG,False,27,,8,,,,,236.8,259.6,2,22.8,14974
266,22.08,260.3,Dallas Defense,DST,DAL,False,4,TOP5,14,,21.6,,166.26,207.5,260.3,3,94.0,0516
267,22.11,263.0,Chicago Defense,DST,CHI,False,10,,10,,19.4,155.94,169.14,196.4,263.0,4,107.1,0521
268,22.12,263.8,Shedeur Sanders,QB,CLE,False,31,BOT5,11,,,183.38,,230.6,263.8,3,80.4,17031
269,22.12,263.8,Jahan Dotson,WR,ATL,False,21,,11,,,,,239.5,263.8,2,24.3,15755
270,22.12,264.3,DJ Giddens,RB,IND,False,23,,13,,,,,254.5,264.3,2,9.8,17060
271,23.01,264.8,Michael Penix Jr.,QB,ATL,False,21,,11,,,170.74,,,264.8,2,94.1,16583
272,23.02,266.4,Colby Parkinson,TE,LAR,False,1,TOP5,11,,,169.33,,229.5,266.4,3,97.1,14871
273,23.04,267.8,Jake Tonges,TE,SF,False,17,,8,,,173.59,,226.3,267.8,3,94.2,16036
274,23.05,268.7,Cincinnati Defense,DST,CIN,False,8,,6,,37.4,,,242.0,268.7,2,26.7,0506
275,23.05,269.2,Tory Horton,WR,SEA,False,6,,11,,,,,242.2,269.2,2,27.0,17098
276,23.06,270.3,Cleveland Defense,DST,CLE,False,31,BOT5,11,160.0,13.9,175.32,153.9,198.3,270.3,5,116.4,0507
277,23.08,271.8,Xavier Legette,WR,CAR,False,24,,5,,23.6,,,240.3,271.8,2,31.5,16639
278,23.10,274.0,Mike Gesicki,TE,CIN,False,8,,6,,,,,245.5,274.0,2,28.5,13672
279,23.11,274.8,Tua Tagovailoa,QB,ATL,False,21,,11,,,147.8,,218.5,274.8,3,127.0,14778
280,23.11,275.4,Wil Lutz,K,DEN,False,13,,10,160.8,16.2,186.72,,,275.4,3,114.6,12956
281,23.12,276.0,Emari Demercado,RB,KC,False,7,,5,,11.9,,,240.2,276.0,2,35.8,16385
282,24.01,276.8,Emanuel Wilson,RB,SEA,False,6,,11,,,,,232.0,276.8,2,44.8,16432
283,24.02,278.0,Marvin Mims Jr.,WR,DEN,False,13,,10,,,,,236.2,278.0,2,41.8,16189
284,24.02,278.3,Buffalo Defense,DST,BUF,False,2,TOP5,7,159.7,14.6,166.46,,197.5,278.3,4,118.6,0501
285,24.03,279.0,LeQuint Allen Jr.,RB,JAX,False,9,,7,,,,,248.1,279.0,2,30.9,17061
286,24.04,279.5,Darius Slayton,WR,NYG,False,27,,8,,5.1,200.67,,239.9,279.5,3,78.8,14122
287,24.04,280.3,Xavier Hutchinson,WR,HOU,False,11,,8,,,187.45,,238.1,280.3,3,92.9,16201
288,24.06,281.8,Mason Taylor,TE,NYJ,False,28,BOT5,13,,,171.42,,232.6,281.8,3,110.4,17106
289,24.06,282.3,Deshaun Watson,QB,CLE,False,31,BOT5,11,,,142.64,,229.8,282.3,3,139.7,13113
290,24.08,283.5,Kendre Miller,RB,NO,False,20,,8,,,,,225.1,283.5,2,58.4,16171
291,24.08,284.3,Ty Johnson,RB,BUF,False,2,TOP5,7,,18.9,,,238.5,284.3,2,45.8,14095
292,24.11,287.3,Chris Brooks,RB,GB,False,18,,11,,,150.27,,236.9,287.3,3,137.0,16387
293,24.12,287.7,Atlanta Defense,DST,ATL,False,21,,11,,13.2,,,199.9,287.7,2,87.8,0526
294,24.12,287.8,DeMario Douglas,WR,NE,False,5,TOP5,11,,,,,239.5,287.8,2,48.3,16342
295,25.02,290.3,Jake Elliott,K,PHI,False,12,,10,,36.3,,168.74,,290.3,2,121.6,13303
296,25.02,290.5,Jalen Tolbert,WR,MIA,False,30,BOT5,6,,,194.77,,254.4,290.5,3,95.7,15788
297,25.03,290.8,Eli Raridon,TE,NE,True,5,TOP5,11,,,46.62,,241.5,290.8,3,244.2,17607
298,25.03,290.8,Erick All Jr.,TE,CIN,False,8,,6,,,,,247.5,290.8,2,43.3,16645
299,25.03,291.0,Tahj Brooks,RB,CIN,False,8,,6,,,,,260.3,291.0,2,30.7,17058
300,25.03,291.4,Troy Franklin,WR,DEN,False,13,,10,,21.2,186.57,,234.9,291.4,3,104.8,16619
301,25.04,291.5,Kirk Cousins,QB,LV,False,32,BOT5,13,,,202.0,,226.5,291.5,3,89.5,10700
302,25.04,292.0,Carson Beck,QB,ARI,True,29,BOT5,14,,,50.35,,236.9,292.0,3,241.6,17466
303,25.06,293.8,Darnell Washington,TE,PIT,False,16,,9,,,,,239.2,293.8,2,54.6,16216
304,25.06,294.0,Charlie Kolar,TE,LAC,False,14,,7,,,,,246.4,294.0,2,47.6,15795
305,25.07,295.0,New Orleans Defense,DST,NO,False,20,,8,,20.7,,,216.4,295.0,2,78.6,0529
306,25.08,296.5,Elijah Arroyo,TE,SEA,False,6,,11,,,,,253.2,296.5,2,43.3,17108
307,25.10,297.7,Savion Williams,WR,GB,False,18,,11,,,,,220.2,297.7,2,77.5,17096
308,25.10,297.8,Theo Johnson,TE,NYG,False,27,,8,,,,,236.3,297.8,2,61.5,16649
309,25.10,298.3,NY Giants Defense,DST,NYG,False,27,,8,,24.6,,,210.6,298.3,2,87.7,0517
310,25.12,300.2,Elijah Sarratt,WR,BAL,True,15,,13,,,52.88,,237.6,300.2,3,247.3,17505
311,25.12,300.3,Panthers D/ST,DST,CAR,False,24,,5,,,,,235.3,300.3,2,65.0,0527
312,26.01,301.0,Drew Anderson,QB,FA,False,,,,,,,,254.0,301.0,2,47.0,14510
313,26.02,301.8,Andrei Iosivas,WR,CIN,False,8,,6,,,,,238.2,301.8,2,63.6,16207
314,26.03,302.8,Brashard Smith,RB,KC,False,7,,5,,,,,252.5,302.8,2,50.3,17049
315,26.03,303.0,Josh Adams,RB,FA,False,,,,,,,,253.0,303.0,2,50.0,13611
316,26.03,303.2,Christian Kirk,WR,SF,False,17,,8,,35.7,,,245.9,303.2,2,57.3,13633
317,26.04,303.5,Bryce Lance,WR,NO,True,20,,8,,,55.23,,226.1,303.5,3,248.3,17519
318,26.05,305.0,Phil Mafah,RB,DAL,False,4,TOP5,14,,,,,225.5,305.0,2,79.5,17063
319,26.05,305.4,Kaleb Johnson,RB,PIT,False,16,,9,,,,,236.1,305.4,2,69.3,17048
320,26.07,307.0,Gabe Marks,WR,FA,False,,,,,,,,254.0,307.0,2,53.0,13175
321,26.08,308.0,Malik Benson,WR,LV,True,32,BOT5,13,,,70.64,,248.6,308.0,3,237.4,17706
322,27.03,315.3,KaVontae Turpin,WR,DAL,False,4,TOP5,14,,,,,220.3,315.3,2,95.0,15981
323,27.05,317.0,J.J. McCarthy,QB,MIN,False,25,,6,,,213.91,,235.7,317.0,3,103.1,16584
324,27.06,318.4,Chimere Dike,WR,TEN,False,26,,9,,11.6,205.82,,232.5,318.4,3,112.6,17171
325,27.07,318.8,Elic Ayomanor,WR,TEN,False,26,,9,,,191.18,,236.2,318.8,3,127.6,17073
326,27.08,319.7,Tyler Higbee,TE,LAR,False,1,TOP5,11,,,,,240.1,319.7,2,79.6,12678
327,27.09,320.8,Trey Smack,K,GB,True,18,,11,,16.2,72.62,168.7,,320.8,3,248.2,17668
328,27.09,321.3,Justin Fields,QB,KC,False,7,,5,,,,,238.9,321.3,2,82.4,15238
329,27.10,321.8,Dawson Knox,TE,BUF,False,2,TOP5,7,,,,,240.0,321.8,2,81.8,14143
330,27.10,322.0,Jalen Hurd,WR,FA,False,,,,,,,,262.0,322.0,2,60.0,14116
331,27.11,322.8,Cole Kmet,TE,CHI,False,10,,10,,,,,256.1,322.8,2,66.7,14867
332,27.11,323.0,Reggie White,WR,FA,False,,,,,,,,262.0,323.0,2,61.0,14329
333,27.12,324.0,Kyle Shurmur,QB,FA,False,,,,,,,,252.0,324.0,2,72.0,14066
334,28.01,324.8,Brenen Thompson,WR,LAC,True,14,,7,,,57.36,,225.9,324.8,3,267.4,17529
335,28.02,325.5,Trevor Etienne,RB,CAR,False,24,,5,,,,,238.4,325.5,2,87.1,17056
336,28.06,330.0,Trenton Cannon,RB,FA,False,,,,,,,,264.0,330.0,2,66.0,13816
337,28.06,330.3,Skyler Bell,WR,BUF,True,2,TOP5,7,,,53.72,,239.4,330.3,3,276.6,17508
338,28.08,332.0,Darius Bradwell,RB,FA,False,,,,,,,,326.0,332.0,2,6.0,15098
339,28.10,334.3,Colbie Young,WR,CIN,True,8,,6,,,76.92,,220.3,334.3,3,257.4,17542
340,28.10,334.3,Tennessee Defense,DST,TEN,False,26,,9,,12.0,,,245.6,334.3,2,88.7,0508
341,28.11,334.8,Zavion Thomas,WR,CHI,True,10,,10,,,60.49,,238.6,334.8,3,274.3,17521
342,28.12,336.0,Devin Gray,WR,ATL,False,21,,11,,,,,268.0,336.0,2,68.0,14334
343,28.12,336.3,Isaiah Bond,WR,CLE,False,31,BOT5,11,,,,,239.9,336.3,2,96.4,17076
344,28.12,336.3,Kendrick Bourne,WR,ARI,False,29,BOT5,14,,,,,240.5,336.3,2,95.8,13418
345,29.02,337.5,Treylon Burks,WR,WSH,False,19,,7,,,,,238.5,337.5,2,99.0,15752
346,29.02,337.7,Joe Flacco,QB,CIN,False,8,,6,,,,,239.9,337.7,2,97.8,9064
347,29.02,338.3,Jawhar Jordan,RB,HOU,False,11,,8,,,,,237.9,338.3,2,100.4,16773
348,29.06,341.8,Noah Gray,TE,KC,False,7,,5,,,,,240.6,341.8,2,101.2,15337
349,29.06,342.5,Oscar Delp,TE,NO,True,20,,8,,,45.35,,239.8,342.5,3,297.2,17567
350,29.10,345.7,Ashton Dulin,WR,IND,False,23,,13,,,,,225.1,345.7,2,120.6,14315
351,29.10,346.0,Luke Falk,QB,FA,False,,,,,,,,250.3,346.0,2,95.7,13594
352,29.11,347.3,Tutu Atwell,WR,MIA,False,30,BOT5,6,,,,,239.6,347.3,2,107.7,15301
353,30.01,349.3,Mac Jones,QB,SF,False,17,,8,,,200.82,,237.8,349.3,3,148.5,15241
354,30.02,350.0,Roman Wilson,WR,PIT,False,16,,9,,,,,251.1,350.0,2,98.9,16629
355,30.02,350.3,Jordan Whittington,WR,LAR,False,1,TOP5,11,,,,,256.2,350.3,2,94.1,16633
356,30.02,350.4,Max Klare,TE,LAR,True,1,TOP5,11,,,51.05,,249.2,350.4,3,299.3,17547
357,30.06,353.8,Brandon Aiyuk,WR,SF,False,17,,8,,16.4,,,213.6,353.8,2,140.2,14840
358,30.10,358.0,Calvin Austin III,WR,NYG,False,27,,8,,,,,226.1,358.0,2,131.9,15777
359,30.10,358.0,Devontez Walker,WR,BAL,False,15,,13,,,,,236.8,358.0,2,121.2,16621
360,30.11,359.0,Luke McCaffrey,WR,WSH,False,19,,7,,,,,238.9,359.0,2,120.1,16635
361,30.12,360.0,Vyncint Smith,WR,FA,False,,,,,,,,263.0,360.0,2,97.0,13884
362,31.02,362.0,Brian Lewerke,QB,FA,False,,,,,,,,271.5,362.0,2,90.5,14788
363,31.02,362.3,Mack Hollins,WR,NE,False,5,TOP5,11,,,,,239.9,362.3,2,122.4,13289
364,31.03,363.0,Jason Moore,WR,FA,False,,,,,,,,306.3,363.0,2,56.7,14545
365,31.05,365.0,Josh Ferguson,RB,FA,False,,,,,,,,315.0,365.0,2,50.0,12640
366,31.06,366.0,Kalif Raymond,WR,CHI,False,10,,10,,,,,225.5,366.0,2,140.5,13066
367,31.07,366.8,Jayden Higgins,WR,HOU,False,11,,8,129.4,10.2,120.42,,130.9,366.8,4,246.4,17083
368,31.08,367.5,CJ Daniels,WR,LAR,True,1,TOP5,11,,,74.79,,225.1,367.5,3,292.7,17504
369,31.11,371.3,Tez Johnson,WR,TB,False,22,,10,,,,,227.0,371.3,2,144.3,17079
370,31.12,372.0,Greg Dortch,WR,DET,False,3,TOP5,6,,,,,258.9,372.0,2,113.1,14108
371,31.12,372.5,KeAndre Lambert-Smith,WR,LAC,False,14,,7,,,,,219.7,372.5,2,152.8,17205
372,32.01,373.3,Cardinals D/ST,DST,ARI,False,29,BOT5,14,,,,,251.1,373.3,2,122.2,0519
373,32.02,374.0,Olamide Zaccheaus,WR,ATL,False,21,,11,,,,,240.1,374.0,2,133.9,14592
374,32.02,374.0,Davis Webb,QB,FA,False,,,,,,,,275.0,374.0,2,99.0,13120
375,32.03,375.0,Dolphins D/ST,DST,MIA,False,30,BOT5,6,,,,,255.3,375.0,2,119.7,0503
376,32.04,376.0,Demarcus Robinson,WR,SF,False,17,,8,,,,,251.2,376.0,2,124.8,12785
377,32.06,377.6,Devin Neal,RB,NO,False,20,,8,,,,,223.8,377.6,2,153.8,17046
378,32.06,378.0,Chase Daniel,QB,FA,False,,,,,,,,265.0,378.0,2,113.0,9706
379,32.06,378.3,Raiders D/ST,DST,LV,False,32,BOT5,13,,,,,248.4,378.3,2,129.9,0513
380,32.09,381.3,Malik Davis,RB,DAL,False,4,TOP5,14,,,,,254.4,381.3,2,126.9,15738
381,32.10,382.0,Noah Gindorff,TE,FA,False,,,,,,,,359.0,382.0,2,23.0,16400
382,32.11,383.0,Sefo Liufau,QB,FA,False,,,,,,,,247.0,383.0,2,136.0,13405
383,32.11,383.3,Noah Fant,TE,NO,False,20,,8,,,,,219.9,383.3,2,163.4,14137
384,33.03,387.0,Washington Defense,DST,WSH,False,19,,7,,28.9,,,241.5,387.0,2,145.5,0520
385,33.03,387.0,Emmanuel Sanders,WR,FA,False,,,,,,,,327.0,387.0,2,60.0,9918
386,33.04,387.7,Josh Oliver,TE,MIN,False,25,,6,,,,,219.7,387.7,2,168.0,14209
387,33.04,388.0,Jacob Dolegala,QB,FA,False,,,,,,,,281.0,388.0,2,107.0,14344
388,33.04,388.2,Tyreek Hill,WR,FA,False,,,,,,,,207.5,388.2,2,180.7,12801
389,33.04,388.4,Trey Benson,RB,ARI,False,29,BOT5,14,,,,,246.2,388.4,2,142.2,16594
390,33.05,388.8,Justin Joly,TE,DEN,True,13,,10,,,61.93,,238.8,388.8,3,326.9,17548
391,33.06,390.0,D'Eriq King,QB,FA,False,,,,,,,,273.8,390.0,2,116.2,15705
392,33.10,394.0,Jahdae Walker,WR,CHI,False,10,,10,,,,,225.0,394.0,2,169.0,17353
393,33.10,394.5,Daniel Bellinger,TE,TEN,False,26,,9,,,,,245.5,394.5,2,149.0,15873
394,34.01,397.3,Elijah Higgins,TE,ARI,False,29,BOT5,14,,,,,219.9,397.3,2,177.4,16333
395,34.04,400.0,Damarea Crockett,RB,FA,False,,,,,,,,290.0,400.0,2,110.0,14098
396,34.06,402.0,Devin Singletary,RB,NYG,False,27,,8,,,211.58,,240.2,402.0,3,190.4,14080
397,34.07,402.7,Tommy Tremble,TE,CAR,False,24,,5,,,,,222.2,402.7,2,180.5,15332
398,34.07,403.0,Luke Musgrave,TE,GB,False,18,,11,,,,,238.5,403.0,2,164.5,16215
399,34.07,403.3,Ja'Tavion Sanders,TE,CAR,False,24,,5,,,,,240.2,403.3,2,163.1,16643
400,35.04,412.2,Austin Hooper,TE,ATL,False,21,,11,,,,,291.1,412.2,2,121.1,12677
401,35.05,412.7,Ben Sinnott,TE,WSH,False,19,,7,,,,,225.4,412.7,2,187.3,16644
402,35.09,417.0,Mo Alie-Cox,TE,IND,False,23,,13,,,,,226.1,417.0,2,190.9,13246
403,36.01,420.8,John Metchie III,WR,CAR,False,24,,5,,,,,238.3,420.8,2,182.5,15759
404,36.05,425.3,Jalen Royals,WR,KC,False,7,,5,,,,,225.3,425.3,2,200.0,17086
405,36.08,428.0,Dont'e Thornton Jr.,WR,LV,False,32,BOT5,13,,,,,238.0,428.0,2,190.0,17087
406,36.08,428.3,Will Kacmarek,TE,MIA,True,30,BOT5,6,,,68.64,,226.1,428.3,3,359.7,17605
407,36.08,428.5,Kevin Coleman Jr.,WR,MIA,True,30,BOT5,6,,,69.02,,238.5,428.5,3,359.5,17528
408,36.09,428.7,Marcus Mariota,QB,WSH,False,19,,7,,,,,239.7,428.7,2,189.0,12141
409,36.10,430.3,Jackson Hawes,TE,BUF,False,2,TOP5,7,,,,,237.9,430.3,2,192.4,17213
410,36.11,430.8,Audric Estime,RB,NO,False,20,,8,,,,,224.9,430.8,2,205.9,16595
411,37.02,433.8,Odell Beckham Jr.,WR,NYG,False,27,,8,,,,,248.6,433.8,2,185.2,11679
412,37.02,434.0,Sione Vaki,RB,DET,False,3,TOP5,6,,,,,219.8,434.0,2,214.2,16678
413,37.03,435.0,Chase Roberts,WR,LV,True,32,BOT5,13,,,,,350.0,435.0,2,85.0,17522
414,37.04,435.7,Nate Boerkircher,TE,JAX,True,9,,7,,,75.98,,193.0,435.7,3,359.7,17591
415,37.05,437.3,Marlin Klein,TE,HOU,True,11,,8,,,69.36,,226.1,437.3,3,367.9,17593
416,37.07,439.3,Spencer Rattler,QB,NO,False,20,,8,,,,,221.8,439.3,2,217.5,16586
417,37.09,441.0,Tyler Eifert,TE,FA,False,,,,,,,,299.0,441.0,2,142.0,11250
418,37.11,442.7,Roschon Johnson,RB,CHI,False,10,,10,,,,,250.7,442.7,2,192.0,16175
419,37.11,443.0,Tanner Koziol,TE,JAX,True,9,,7,,,117.47,,226.0,443.0,3,325.5,17644
420,37.12,443.7,Barion Brown,WR,NO,True,20,,8,,,78.17,,219.7,443.7,3,365.5,17541
421,37.12,443.7,Drew Sample,TE,CIN,False,8,,6,,,,,221.5,443.7,2,222.2,14146
422,38.01,445.0,Carson Wentz,QB,MIN,False,25,,6,,,,,219.7,445.0,2,225.3,12610
423,38.06,450.3,Jets D/ST,DST,NYJ,False,28,BOT5,13,,,,,252.2,450.3,2,198.1,0505
424,38.10,454.3,Dyami Brown,WR,WSH,False,19,,7,,,,,219.8,454.3,2,234.5,15292
425,39.01,457.0,Jordan Thomas,TE,FA,False,,,,,,,,295.3,457.0,2,161.7,13819
426,39.10,465.6,Michael Trigg,TE,DAL,True,4,TOP5,14,,,95.31,,,465.6,2,370.3,17546
427,39.10,466.0,KJ Hill,WR,LAC,False,14,,7,,,,,321.0,466.0,2,145.0,14851
428,40.02,470.0,Sam Roush,TE,CHI,True,10,,10,,,108.78,,219.7,470.0,3,361.2,17549
429,40.08,476.0,Matthew Hibner,TE,BAL,True,15,,13,,,73.68,,,476.0,2,402.3,17627
430,40.09,477.3,Ty Simpson,QB,LAR,True,1,TOP5,11,,,39.77,,239.6,477.3,3,437.5,17463
431,40.11,479.0,Chad Beebe,WR,FA,False,,,,,,,,329.3,479.0,2,149.7,13999
432,41.05,485.0,Jeremy Ruckert,TE,NYJ,False,28,BOT5,13,,,,,221.5,485.0,2,263.5,15796
433,41.08,488.0,Cade Klubnik,QB,NYJ,True,28,BOT5,13,,,66.75,,225.1,488.0,3,421.2,17467
434,41.10,489.5,Kareem Hunt,RB,FA,False,,,,,,,,238.7,489.5,2,250.8,13138
435,41.10,489.7,Ray-Ray McCloud III,WR,CHI,False,10,,10,,,,,193.0,489.7,2,296.7,13641
436,41.11,491.0,Darrius Shepherd,WR,FA,False,,,,,,,,338.8,491.0,2,152.2,14330
437,41.11,491.3,Jaylin Lane,WR,WSH,False,19,,7,,,,,237.8,491.3,2,253.5,17184
438,41.12,492.3,Tim Patrick,WR,NYJ,False,28,BOT5,13,,,,,221.5,492.3,2,270.8,13377
439,42.04,496.3,Jimmy Horn Jr.,WR,CAR,False,24,,5,,,,,219.7,496.3,2,276.6,17234
440,42.05,496.7,Nick Westbrook-Ikhine,WR,IND,False,23,,13,,,,,238.3,496.7,2,258.4,15109
441,42.07,499.0,Javon Leake,RB,FA,False,,,,,,,,341.0,499.0,2,158.0,14820
442,42.08,500.0,Ty Fryfogle,WR,FA,False,,,,,,,,307.0,500.0,2,193.0,15781
443,42.10,501.5,Tyrell Shavers,WR,BUF,False,2,TOP5,7,,,,,272.8,501.5,2,228.7,16451
444,42.11,503.0,Isaac Guerendo,RB,SF,False,17,,8,,,,,225.7,503.0,2,277.3,16688
445,42.12,504.3,Zach Ertz,TE,FA,False,,,,,,,,228.8,504.3,2,275.5,11247
446,43.06,509.8,Jarquez Hunter,RB,LAR,False,1,TOP5,11,,,,,225.5,509.8,2,284.3,17064
447,43.08,511.7,Darius Cooper,WR,PHI,False,12,,10,,,,,219.7,511.7,2,292.0,17333
448,43.09,512.7,Isaiah Hodgins,WR,NYG,False,27,,8,,,,,221.5,512.7,2,291.2,14849
449,43.10,513.5,Robert Henry Jr.,RB,WSH,True,19,,7,,,103.0,,,513.5,2,410.5,17709
450,43.11,515.3,Will Shipley,RB,PHI,False,12,,10,,,,,237.9,515.3,2,277.4,16601
451,44.02,518.0,Kyle Juszczyk,RB,SF,False,17,,8,,,,,245.1,518.0,2,272.9,11367
452,44.02,518.5,Ben Sims,TE,MIA,False,30,BOT5,6,,,,,257.0,518.5,2,261.5,16483
453,44.04,519.5,Jaleel McLaughlin,RB,DEN,False,13,,10,,,,,221.8,519.5,2,297.7,16390
454,44.04,519.8,Noah Brown,WR,LV,False,32,BOT5,13,,,,,298.8,519.8,2,221.0,13172
455,44.08,523.7,Kaden Wetjen,WR,PIT,True,16,,9,,3.9,85.59,,193.0,523.7,3,438.1,17620
456,44.08,524.5,Theo Wease Jr.,WR,MIA,False,30,BOT5,6,,6.3,,,219.7,524.5,2,304.8,17088
457,44.10,526.3,Jameis Winston,QB,NYG,False,27,,8,,,,,239.7,526.3,2,286.6,12140
458,44.11,527.0,David Sills V,WR,TB,False,22,,10,,,,,287.5,527.0,2,239.5,14110
459,45.02,530.0,Josh Cameron,WR,JAX,True,9,,7,,,85.25,,,530.0,2,444.8,17527
460,45.02,530.0,Julian Fleming,WR,FA,False,,,,,,,,359.7,530.0,2,170.3,17090
461,45.05,533.0,Deion Burks,WR,IND,True,23,,13,,,73.22,,225.0,533.0,3,459.8,17510
462,45.06,534.0,Nick Chubb,RB,FA,False,,,,,,,,225.0,534.0,2,309.0,13610
463,45.07,534.7,Reggie Virgil,WR,ARI,True,29,BOT5,14,,,73.38,,,534.7,2,461.3,17526
464,45.09,537.3,Konata Mumpfield,WR,LAR,False,1,TOP5,11,,,,,237.7,537.3,2,299.6,17254
465,45.10,538.3,Foster Moreau,TE,HOU,False,11,,8,,,,,310.3,538.3,2,228.0,14239
466,45.11,539.0,Marquez Valdes-Scantling,WR,DAL,False,4,TOP5,14,,,,,338.6,539.0,2,200.4,13793
467,45.12,539.7,Jonnu Smith,TE,FA,False,,,,,,,,221.3,539.7,2,318.4,13193
468,45.12,540.0,Mike Glennon,QB,FA,False,,,,,,,,485.3,540.0,2,54.7,11152
469,46.03,542.7,Taysom Hill,TE,FA,False,,,,,,,,219.9,542.7,2,322.8,13424
470,46.03,543.2,Ricky Pearsall,WR,SF,False,17,,8,,,,169.93,158.9,543.2,3,384.3,16622
471,46.04,543.7,Raheim Sanders,RB,CLE,False,31,BOT5,11,,,,,237.9,543.7,2,305.8,17062
472,46.04,544.0,Mike Strachan,WR,FA,False,,,,,,,,402.5,544.0,2,141.5,15478
473,46.05,544.8,AJ Dillon,RB,CAR,False,24,,5,,,,,221.5,544.8,2,323.3,14805
474,46.05,545.0,Bryan Edwards,WR,FA,False,,,,,,,,455.5,545.0,2,89.5,14844
475,46.11,551.3,Tyler Johnson,WR,DAL,False,4,TOP5,14,,,,,353.7,551.3,2,197.6,14864
476,47.01,553.3,Brevyn Spann-Ford,TE,DAL,False,4,TOP5,14,,,,,193.0,553.3,2,360.3,16647
477,47.02,554.5,Nate Sudfeld,QB,FA,False,,,,,,,,243.0,554.5,2,311.5,12815
478,47.03,555.3,Jack Endries,TE,CIN,True,8,,6,,,,,193.0,555.3,2,362.3,17545
479,47.04,556.0,DeShone Kizer,QB,FA,False,,,,,,,,540.5,556.0,2,15.5,13114
480,47.04,556.5,Payne Durham,TE,TB,False,22,,10,,,,,233.3,556.5,2,323.2,16218
481,47.08,560.0,J'Mari Taylor,RB,JAX,True,9,,7,,,79.09,,244.5,560.0,3,480.9,17487
482,47.09,561.0,Reggie Begelton,WR,FA,False,,,,,,,,374.0,561.0,2,187.0,15033
483,47.12,564.0,DaMarkus Lodge,WR,FA,False,,,,,,,,375.2,564.0,2,188.8,14111
484,48.03,566.8,Luke Farrell,TE,SF,False,17,,8,,,,,330.5,566.8,2,236.3,15335
485,48.03,567.0,Adam Trautman,TE,DEN,False,13,,10,,,,,341.9,567.0,2,225.1,14870
486,48.05,569.0,A.J. Green,WR,FA,False,,,,,,,,418.6,569.0,2,150.4,10261
487,48.06,570.0,Rasheen Ali,RB,BAL,False,15,,13,,,,,222.0,570.0,2,348.0,16746
488,48.06,570.0,Tyler Huntley,QB,BAL,False,15,,13,,,,,244.7,570.0,2,325.3,14789
489,48.06,570.5,Bryan Thompson,WR,FA,False,,,,,,,,448.3,570.5,2,122.2,16852
490,48.07,571.0,Tyler Badie,RB,DEN,False,13,,10,,,,,221.6,571.0,2,349.4,15718
491,48.11,574.7,Austin Ekeler,RB,FA,False,,,,,,,,222.0,574.7,2,352.7,13404
492,48.11,575.0,Jacob Saylors,RB,DET,False,3,TOP5,6,,,,,250.5,575.0,2,324.5,16850
493,49.01,576.7,Sincere McCormick,RB,SF,False,17,,8,,,,,193.0,576.7,2,383.7,15743
494,49.01,576.7,Davis Mills,QB,HOU,False,11,,8,,,,,228.6,576.7,2,348.1,15252
495,49.03,579.0,Damion Willis,WR,FA,False,,,,,,,,385.0,579.0,2,194.0,14373
496,49.04,579.8,Joe Mixon,RB,FA,False,,,,,,,,220.6,579.8,2,359.2,13131
497,49.04,580.0,Artavis Pierce,RB,FA,False,,,,,,,,386.2,580.0,2,193.8,14826
498,49.04,580.3,Jerome Ford,RB,WSH,False,19,,7,,,,,225.9,580.3,2,354.4,15713
499,49.06,582.0,Jeremy McNichols,RB,WSH,False,19,,7,,,,,221.5,582.0,2,360.5,13143
500,49.06,582.3,Jacob Cowing,WR,SF,False,17,,8,,,,,221.8,582.3,2,360.5,16640
501,49.07,582.7,Jarrett Stidham,QB,DEN,False,13,,10,,,,,220.2,582.7,2,362.5,14063
502,49.08,584.0,Kyle Sloter,QB,FA,False,,,,,,,,477.0,584.0,2,107.0,13389
503,49.10,585.7,Israel Abanikanda,RB,DAL,False,4,TOP5,14,,,,,193.0,585.7,2,392.7,16168
504,49.10,586.3,Nate Adkins,TE,DEN,False,13,,10,,,,,398.7,586.3,2,187.6,16474
505,49.11,587.0,Efton Chism III,WR,NE,False,5,TOP5,11,,,,,219.9,587.0,2,367.1,17269
506,49.11,587.0,Durham Smythe,TE,BAL,False,15,,13,,,,,221.5,587.0,2,365.5,13676
507,49.12,588.0,Seydou Traore,TE,MIA,True,30,BOT5,6,,,,,224.7,588.0,2,363.3,17655
508,49.12,588.5,Davis Allen,TE,LAR,False,1,TOP5,11,,,,,394.8,588.5,2,193.7,16219
509,50.01,589.0,Tyson Bagent,QB,CHI,False,10,,10,,,,,226.0,589.0,2,363.0,16384
510,50.04,591.5,Brevin Jordan,TE,HOU,False,11,,8,,,,,364.8,591.5,2,226.7,15330
511,50.05,593.0,Brock Wright,TE,DET,False,3,TOP5,6,,,,,377.9,593.0,2,215.1,15626
512,50.05,593.3,John Michael Gyllenborg,TE,KC,True,7,,5,,,,,611.2,593.3,2,17.9,17710
513,50.08,595.5,Tyler Conklin,TE,DET,False,3,TOP5,6,,,,,373.2,595.5,2,222.3,13675
514,50.08,595.7,Baylor Cupp,TE,ARI,False,29,BOT5,14,,,,,279.8,595.7,2,315.9,16998
515,50.08,596.5,Jeff Smith,WR,FA,False,,,,,,,,396.3,596.5,2,200.2,14561
516,51.01,601.0,Tommy DeVito,QB,NE,False,5,TOP5,11,,,,,222.2,601.0,2,378.8,16441
517,51.03,603.0,Marcedes Lewis,TE,FA,False,,,,,,,,270.1,603.0,2,332.9,8269
518,51.03,603.0,Jaren Kanak,TE,TEN,True,26,,9,,,,,350.1,603.0,2,252.9,17681
519,51.05,604.8,Salvon Ahmed,RB,CHI,False,10,,10,,,,,339.3,604.8,2,265.5,14811
520,51.05,605.0,Reggie Bonnafon,RB,FA,False,,,,,,,,492.0,605.0,2,113.0,14435
521,51.05,605.3,Dean Connors,RB,LAR,True,1,TOP5,11,,,,,331.6,605.3,2,273.7,17491
522,51.06,605.7,Quinn Ewers,QB,MIA,False,30,BOT5,6,,,,,220.0,605.7,2,385.7,17034
523,51.06,606.0,Trevon Grimes,WR,FA,False,,,,,,,,394.0,606.0,2,212.0,15323
524,51.07,607.3,Chris Manhertz,TE,NYG,False,27,,8,,,,,376.6,607.3,2,230.7,12955
525,51.11,611.0,Cam Johnson,WR,FA,False,,,,,,,,282.0,611.0,2,329.0,10912
526,51.12,612.0,Xavier Smith,WR,LAR,False,1,TOP5,11,,,,,312.3,612.0,2,299.7,16428
527,52.01,612.7,Jordan Watkins,WR,SF,False,17,,8,,,,,219.7,612.7,2,393.0,17192
528,52.02,614.0,Derek Carrier,TE,FA,False,,,,,,,,498.0,614.0,2,116.0,10940
529,52.03,615.0,Kaden Davis,WR,CHI,False,10,,10,,,,,193.0,615.0,2,422.0,16877
530,52.03,615.0,Jordan Reed,TE,FA,False,,,,,,,,498.8,615.0,2,116.2,11248
531,52.09,620.7,Eli Heidenreich,RB,PIT,True,16,,9,,,60.75,,225.9,620.7,3,560.0,17685
532,52.09,621.0,Brandon Ross,RB,FA,False,,,,,,,,571.0,621.0,2,50.0,12909
533,52.10,622.0,Jared Cook,TE,FA,False,,,,,,,,484.3,622.0,2,137.7,9474
534,52.12,623.7,Aaron Anderson,WR,FA,True,,,,,,,,415.4,623.7,2,208.3,17516
535,52.12,624.0,Geronimo Allison,WR,FA,False,,,,,,,,538.0,624.0,2,86.0,12665
536,53.03,627.0,Garrett Dickerson,TE,NYG,False,27,,8,,,,,413.7,627.0,2,213.3,13978
537,53.04,627.7,Dan Villari,TE,LAR,True,1,TOP5,11,,,,,367.6,627.7,2,260.1,17734
538,53.04,628.3,Trey Lance,QB,LAC,False,14,,7,,,,,244.2,628.3,2,384.1,15240
539,53.04,628.5,CJ Dippre,TE,NE,False,5,TOP5,11,,,,,285.5,628.5,2,343.0,17281
540,53.05,628.7,Myles Price,WR,MIN,False,25,,6,,,,,221.5,628.7,2,407.2,17360
541,53.05,629.0,Derrick Willies,WR,FA,False,,,,,,,,403.8,629.0,2,225.2,13911
542,53.07,631.3,Khalil Herbert,RB,FA,False,,,,,,,,219.7,631.3,2,411.6,15271
543,53.08,632.0,Tanner Morgan,QB,FA,False,,,,,,,,693.0,632.0,2,61.0,16378
544,53.08,632.5,Austin Stogner,TE,FA,False,,,,,,,,283.0,632.5,2,349.5,16827
545,53.10,633.7,Roman Hemby,RB,LV,True,32,BOT5,13,,,,,691.0,633.7,2,57.3,17483
546,53.10,634.0,Mecole Hardman Jr.,WR,BUF,False,2,TOP5,7,,,,,223.5,634.0,2,410.5,14113
547,53.11,635.0,Arian Smith,WR,NYJ,False,28,BOT5,13,,,,,221.5,635.0,2,413.5,17175
548,54.01,637.3,Lewis Bond,WR,HOU,True,11,,8,,,89.87,,424.2,637.3,3,547.4,17530
549,54.05,640.8,Hunter Renfrow,WR,FA,False,,,,,,,,292.3,640.8,2,348.5,14123
550,54.06,642.0,Jason Bean,QB,FA,False,,,,,,,,310.0,642.0,2,332.0,16876
551,54.06,642.0,Diontae Spencer,WR,FA,False,,,,,,,,515.7,642.0,2,126.3,14565
552,54.08,644.3,Noah Whittington,RB,HOU,True,11,,8,,,,,431.9,644.3,2,212.4,17490
553,54.10,645.8,Eric Saubert,TE,SEA,False,6,,11,,,,,372.7,645.8,2,273.1,13315
554,54.10,646.0,Jerod Evans,QB,FA,False,,,,,,,,518.0,646.0,2,128.0,13118
555,54.11,647.3,J.J. Taylor,RB,FA,False,,,,,,,,213.0,647.3,2,434.3,14827
556,54.12,648.0,Kye Robichaux,RB,DET,False,3,TOP5,6,,,,,455.0,648.0,2,193.0,17748
557,54.12,648.5,Cedric Tillman,WR,CLE,False,31,BOT5,11,,,,,225.4,648.5,2,423.1,16191
558,55.01,649.0,Quincy Skinner,WR,NYJ,False,28,BOT5,13,,,,,405.0,649.0,2,244.0,17311
559,55.02,650.0,Brian Hoyer,QB,FA,False,,,,,,,,468.5,650.0,2,181.5,9714
560,55.03,650.7,Bryce Oliver,WR,TEN,False,26,,9,,,,,295.0,650.7,2,355.7,16975
561,55.03,651.0,Patrick Laird,RB,FA,False,,,,,,,,340.5,651.0,2,310.5,14612
562,55.03,651.3,Tanner McLachlan,TE,SF,False,17,,8,,,,,247.5,651.3,2,403.8,16765
563,55.04,652.0,Riley Leonard,QB,IND,False,23,,13,,,,,244.9,652.0,2,407.1,17035
564,55.04,652.0,J.J. Arcega-Whiteside,WR,FA,False,,,,,,,,411.0,652.0,2,241.0,14107
565,55.05,653.0,Dylan Cantrell,TE,FA,False,,,,,,,,523.0,653.0,2,130.0,13807
566,55.05,653.0,Keith Kirkwood,WR,FA,False,,,,,,,,655.7,653.0,2,2.7,13882
567,55.05,653.3,Tanner McKee,QB,PHI,False,12,,10,,,,,221.6,653.3,2,431.7,15702
568,55.06,654.5,Kylen Granson,TE,TEN,False,26,,9,,,,,337.5,654.5,2,317.0,15419
569,55.08,655.8,Josh Cuevas,TE,BAL,True,15,,13,,,,,361.0,655.8,2,294.8,17651
570,55.08,656.5,Spencer Brown,RB,CAR,False,24,,5,,,,,255.5,656.5,2,401.0,15276
571,55.10,657.7,Mason Rudolph,QB,PIT,False,16,,9,,,,,221.6,657.7,2,436.1,13595
572,55.11,659.0,Josh Whyle,TE,GB,False,18,,11,,,,,341.4,659.0,2,317.6,16312
573,55.11,659.3,Damien Martinez,RB,GB,False,18,,11,,,,,221.8,659.3,2,437.5,17054
574,55.12,660.0,Brennan Eagles,WR,FA,False,,,,,,,,528.0,660.0,2,132.0,15305
575,55.12,660.2,Drew Allar,QB,PIT,True,16,,9,,,57.97,,361.8,660.2,3,602.2,17468
576,55.12,660.3,Jack Stoll,TE,CLE,False,31,BOT5,11,,,,,395.6,660.3,2,264.7,15541
577,56.01,661.0,Jake Funk,RB,FA,False,,,,,,,,459.0,661.0,2,202.0,15480
578,56.03,663.3,Jake Browning,QB,TB,False,22,,10,,,,,244.2,663.3,2,419.1,14358
579,56.03,663.3,Andy Dalton,QB,PHI,False,12,,10,,,,,245.3,663.3,2,418.0,10313
580,56.04,663.5,David Blough,QB,FA,False,,,,,,,,434.5,663.5,2,229.0,14070
581,56.05,665.0,Albert Okwuegbunam Jr.,TE,LV,False,32,BOT5,13,,,,,221.4,665.0,2,443.6,14873
582,56.05,665.0,Jake Bobo,WR,SEA,False,6,,11,,,,,221.5,665.0,2,443.5,16393
583,56.05,665.0,DeAndre Washington,RB,FA,False,,,,,,,,373.5,665.0,2,291.5,12857
584,56.06,666.0,Travis Dye,RB,FA,False,,,,,,,,481.5,666.0,2,184.5,16177
585,56.07,667.0,Derek Carr,QB,NO,False,20,,8,,,,,221.6,667.0,2,445.4,11644
586,56.07,667.0,Junior Bergen,WR,FA,False,,,,,,,,222.0,667.0,2,445.0,17260
587,56.11,670.7,JuJu Smith-Schuster,WR,NYG,False,27,,8,,,,,219.6,670.7,2,451.1,13156
588,56.11,671.0,K.J. Costello,QB,FA,False,,,,,,,,525.0,671.0,2,146.0,15251
589,56.11,671.3,Devin Duvernay,WR,ARI,False,29,BOT5,14,,,,,221.5,671.3,2,449.8,14847
590,56.12,672.0,Micah Simon,WR,CAR,False,24,,5,,,,,419.0,672.0,2,253.0,15372
591,56.12,672.3,Laquon Treadwell,WR,IND,False,23,,13,,,,,268.5,672.3,2,403.8,12645
592,57.02,674.5,Charlie Woerner,TE,ATL,False,21,,11,,,,,405.7,674.5,2,268.8,14984
593,57.04,676.3,Ameer Abdullah,RB,JAX,False,9,,7,,,,,332.7,676.3,2,343.6,12155
594,57.04,676.3,Tyrod Taylor,QB,GB,False,18,,11,,,,,348.6,676.3,2,327.7,10413
595,57.05,676.8,Zamir White,RB,SF,False,17,,8,,,,,339.2,676.8,2,337.6,15714
596,57.08,679.8,Sal Cannella,TE,FA,False,,,,,,,,287.3,679.8,2,392.5,17439
597,57.09,681.3,Bub Means,WR,NO,False,20,,8,,,,,358.0,681.3,2,323.3,16751
598,57.12,684.0,Jam Miller,RB,NE,True,5,TOP5,11,,,66.0,,221.7,684.0,3,618.0,17486
599,57.12,684.0,Jalin Hyatt,WR,NYG,False,27,,8,,,,,221.5,684.0,2,462.5,16183
600,57.12,684.0,Connor Heyward,RB,LV,False,32,BOT5,13,,,,,389.6,684.0,2,294.4,15800
601,57.12,684.5,Jordan Hudson,WR,DAL,True,4,TOP5,14,,,,,647.8,684.5,2,36.7,17733
602,58.02,685.8,Jalen Reagor,WR,MIA,False,30,BOT5,6,,,,,306.0,685.8,2,379.8,14839
603,58.02,686.0,Ted Ginn,WR,FA,False,,,,,,,,423.1,686.0,2,262.9,8673
604,58.03,686.7,Joe Milton III,QB,DAL,False,4,TOP5,14,,,,,220.6,686.7,2,466.1,16585
605,58.03,687.0,Adrian Killins,RB,DEN,False,13,,10,,,,,425.0,687.0,2,262.0,14831
606,58.04,688.3,Nick Mullens,QB,JAX,False,9,,7,,,,,222.3,688.3,2,466.0,13968
607,58.04,688.5,D'Ernest Johnson,RB,TEN,False,26,,9,,,,,312.5,688.5,2,376.0,14331
608,58.04,688.5,Josh Johnson,QB,CIN,False,8,,6,,,,,357.0,688.5,2,331.5,9207
609,58.05,689.0,Will Levis,QB,TEN,False,26,,9,,,,,221.5,689.0,2,467.5,16149
610,58.10,693.5,Alex McGough,QB,FA,False,,,,,,,,324.0,693.5,2,369.5,13825
611,58.10,694.0,Zach Heins,TE,FA,False,,,,,,,,549.0,694.0,2,145.0,16824
612,58.11,695.0,Zach Zenner,RB,FA,False,,,,,,,,428.3,695.0,2,266.7,12264
613,58.12,696.0,Giles Jackson,WR,FA,False,,,,,,,,442.8,696.0,2,253.2,17297
614,59.01,697.0,Noah Thomas,WR,CIN,True,8,,6,,,,,646.8,697.0,2,50.2,17525
615,59.03,699.0,Devon Allen,WR,FA,False,,,,,,,,337.3,699.0,2,361.7,15844
616,59.04,700.3,Will Howard,QB,PIT,False,16,,9,,,,,225.3,700.3,2,475.0,17036
617,59.08,704.3,D.J. Montgomery,WR,IND,False,23,,13,,,,,405.8,704.3,2,298.5,14486
618,59.12,707.8,Jackson Meeks,WR,DET,False,3,TOP5,6,,,,,406.7,707.8,2,301.1,17334
619,59.12,708.0,Taylen Green,QB,CLE,True,31,BOT5,11,,,87.61,,193.0,708.0,3,620.4,17657
620,59.12,708.0,DeSean Jackson,WR,FA,False,,,,,,,,535.2,708.0,2,172.8,9075
621,60.01,709.3,Gavin Bartholomew,TE,MIN,False,25,,6,,,,,418.6,709.3,2,290.7,17231
622,60.03,711.0,Haynes King,QB,CAR,True,24,,5,,,75.94,,244.6,711.0,3,635.1,17713
623,60.03,711.3,Gus Edwards,RB,FA,False,,,,,,,,331.6,711.3,2,379.7,13850
624,60.04,711.8,John FitzPatrick,TE,FA,False,,,,,,,,260.1,711.8,2,451.7,15925
625,60.05,713.0,Josh Rosen,QB,FA,False,,,,,,,,560.0,713.0,2,153.0,13591
626,60.07,715.3,Tai Felton,WR,MIN,False,25,,6,,,,,338.1,715.3,2,377.2,17097
627,60.08,716.5,Trenton Irwin,WR,SF,False,17,,8,,,,,326.0,716.5,2,390.5,14551
628,60.10,717.5,Courtney Jackson,WR,TEN,False,26,,9,,,,,637.0,717.5,2,80.5,17289
629,60.11,718.7,Jalen Milroe,QB,SEA,False,6,,11,,,,,225.0,718.7,2,493.7,17033
630,61.02,722.0,Dillon Gabriel,QB,CLE,False,31,BOT5,11,,,,,227.9,722.0,2,494.1,17037
631,61.02,722.0,Quintez Cephus,WR,HOU,False,11,,8,,,,,581.0,722.0,2,141.0,14850
632,61.04,723.8,Tay Martin,WR,DET,False,3,TOP5,6,,,,,352.0,723.8,2,371.8,15771
633,61.05,724.8,Cody White,WR,SEA,False,6,,11,,,,,417.0,724.8,2,307.8,15589
634,61.05,725.0,Bud Sasser,WR,FA,False,,,,,,,,552.0,725.0,2,173.0,12350
635,61.08,727.8,Xavier Restrepo,WR,TEN,False,26,,9,,,,,422.5,727.8,2,305.3,17077
636,61.08,728.0,SaRodorick Thompson,RB,FA,False,,,,,,,,251.0,728.0,2,477.0,16402
637,61.08,728.3,Antoine Green,WR,FA,False,,,,,,,,270.5,728.3,2,457.8,16349
638,61.09,729.0,D'Onta Foreman,RB,FA,False,,,,,,,,193.0,729.0,2,536.0,13134
639,61.10,730.3,Jeff Wilson,RB,FA,False,,,,,,,,358.7,730.3,2,371.6,14017
640,61.12,731.8,Malik Cunningham,WR,DET,False,3,TOP5,6,,,,,419.5,731.8,2,312.3,16157
641,62.01,733.3,Julian Hill,TE,NE,False,5,TOP5,11,,,,,359.9,733.3,2,373.4,16425
642,62.02,733.5,Stevo Klotz,TE,FA,False,,,,,,,,330.0,733.5,2,403.5,17310
643,62.02,733.5,Chris Carson,RB,FA,False,,,,,,,,563.3,733.5,2,170.2,13364
644,62.03,735.0,Joe Webb,QB,FA,False,,,,,,,,439.3,735.0,2,295.7,9992
645,62.05,737.0,Kyle Allen,QB,BUF,False,2,TOP5,7,,,,,315.1,737.0,2,421.9,13879
646,62.05,737.0,Byron Pringle,WR,FA,False,,,,,,,,667.1,737.0,2,69.9,13863
647,62.06,737.5,Zay Jones,WR,FA,False,,,,,,,,406.5,737.5,2,331.0,13176
648,62.07,739.3,Jaydn Ott,RB,KC,True,7,,5,,,66.0,,539.5,739.3,3,673.3,17480
649,62.08,739.5,James Robinson,RB,FA,False,,,,,,,,645.0,739.5,2,94.5,14813
650,62.08,740.3,Ricky White,WR,SEA,False,6,,11,,,,,408.5,740.3,2,331.8,17084
651,62.10,741.8,Xavier Weaver,WR,ARI,False,29,BOT5,14,,,,,408.5,741.8,2,333.3,16634
652,62.10,742.0,Bucky Hodges,TE,FA,False,,,,,,,,439.3,742.0,2,302.7,13191
653,63.01,744.8,Corey Kiner,RB,ARI,False,29,BOT5,14,,,,,328.5,744.8,2,416.3,17274
654,63.01,745.0,Austin Proehl,WR,FA,False,,,,,,,,579.7,745.0,2,165.3,13650
655,63.02,746.5,Ben Skowronek,WR,PIT,False,16,,9,,,,,418.8,746.5,2,327.7,15491
656,63.03,746.8,Gardner Minshew II,QB,ARI,False,29,BOT5,14,,,,,374.0,746.8,2,372.8,14067
657,63.03,747.0,Jaylen Samuels,RB,FA,False,,,,,,,,580.0,747.0,2,167.0,13613
658,63.06,749.8,Jalen Brooks,WR,ARI,False,29,BOT5,14,,,,,359.1,749.8,2,390.7,16364
659,63.07,751.0,Danny Etling,QB,FA,False,,,,,,,,445.0,751.0,2,306.0,13824
660,63.07,751.3,Jared Wiley,TE,KC,False,7,,5,,,,,394.0,751.3,2,357.3,16648
661,63.08,752.0,James Butler,RB,FA,False,,,,,,,,583.0,752.0,2,169.0,8092
662,63.08,752.5,Sammis Reyes,TE,FA,False,,,,,,,,637.0,752.5,2,115.5,15374
663,63.10,753.5,Jacolby George,WR,FA,False,,,,,,,,349.0,753.5,2,404.5,17300
664,63.10,754.3,Travis Homer,RB,PIT,False,16,,9,,,,,281.0,754.3,2,473.3,14083
665,63.11,755.0,Aaron Parker,WR,FA,False,,,,,,,,448.0,755.0,2,307.0,15039
666,63.12,755.5,Trent Sherfield,WR,BUF,False,2,TOP5,7,,,,,398.6,755.5,2,356.9,13893
667,63.12,756.5,Pierre Strong Jr.,RB,GB,False,18,,11,,,,,322.0,756.5,2,434.5,15733
668,64.04,760.5,Drew Lock,QB,SEA,False,6,,11,,,,,370.6,760.5,2,389.9,14057
669,64.06,761.5,Dareke Young,WR,LV,False,32,BOT5,13,,,,,423.0,761.5,2,338.5,15941
670,64.06,762.0,Keelan Doss,WR,FA,False,,,,,,,,639.0,762.0,2,123.0,14317
671,64.10,766.0,Bo Scarbrough,RB,FA,False,,,,,,,,452.5,766.0,2,313.5,13615
672,64.10,766.5,Ryan Tannehill,QB,FA,False,,,,,,,,623.1,766.5,2,143.4,10697
673,65.01,769.0,Eric Tomlinson,TE,FA,False,,,,,,,,342.0,769.0,2,427.0,13065
674,65.02,770.0,Charles Clay,TE,FA,False,,,,,,,,454.5,770.0,2,315.5,10409
675,65.02,770.3,Xavier Gipson,WR,NYG,False,27,,8,,,,,350.5,770.3,2,419.8,16416
676,65.05,772.8,Skyy Moore,WR,GB,False,18,,11,,,,,336.1,772.8,2,436.7,15766
677,65.05,773.0,Deven Thompkins,WR,LV,False,32,BOT5,13,,,,,374.0,773.0,2,399.0,15977
678,65.05,773.0,Chris Blair,WR,ATL,False,21,,11,,,,,402.2,773.0,2,370.8,16499
679,65.07,775.0,Travis Benjamin,WR,FA,False,,,,,,,,597.0,775.0,2,178.0,10737
680,65.10,778.0,Darrell Henderson,RB,FA,False,,,,,,,,640.3,778.0,2,137.7,14087
681,65.12,780.0,J.J. Jones,WR,FA,False,,,,,,,,461.7,780.0,2,318.3,13905
682,66.02,782.0,Ito Smith,RB,DAL,False,4,TOP5,14,,,,,462.0,782.0,2,320.0,13768
683,66.03,782.7,Zach Pascal,WR,FA,False,,,,,,,,383.0,782.7,2,399.7,13488
684,66.04,783.5,Racey McMath,WR,FA,False,,,,,,,,497.0,783.5,2,286.5,15313
685,66.04,784.0,Brennan Presley,WR,LAR,False,1,TOP5,11,,,,,408.2,784.0,2,375.8,17321
686,66.05,785.3,Miles Sanders,RB,FA,False,,,,,,,,312.4,785.3,2,472.9,14079
687,66.05,785.3,Lucky Jackson,WR,DET,False,3,TOP5,6,,,,,666.6,785.3,2,118.7,17342
688,66.06,785.5,Ian Wheeler,RB,BUF,False,2,TOP5,7,,,,,476.2,785.5,2,309.3,16871
689,66.06,786.0,Teddy Bridgewater,QB,DET,False,3,TOP5,6,,,,,221.9,786.0,2,564.1,11640
690,66.08,788.0,Gerrid Doaks,RB,FA,False,,,,,,,,640.5,788.0,2,147.5,15488
691,66.09,789.0,Jack Plummer,QB,FA,False,,,,,,,,558.0,789.0,2,231.0,16592
692,66.10,790.0,Ronnie Brown,RB,FA,False,,,,,,,,465.0,790.0,2,325.0,7814
693,66.11,791.0,Brandon Smith,WR,PIT,False,16,,9,,,,,407.5,791.0,2,383.5,17405
694,66.11,791.0,CJ Verdell,RB,FA,False,,,,,,,,607.2,791.0,2,183.8,15750
695,66.11,791.3,Zach Davidson,TE,FA,False,,,,,,,,402.6,791.3,2,388.7,15343
696,67.01,793.0,Robbie Ouzts,RB,SEA,False,6,,11,,,,,328.0,793.0,2,465.0,17215
697,67.02,794.0,Brandon Johnson,WR,LV,False,32,BOT5,13,,,,,380.6,794.0,2,413.4,15987
698,67.03,794.7,Sam Howell,QB,DAL,False,4,TOP5,14,,,,,219.8,794.7,2,574.9,15693
699,67.07,799.0,Xavier Turner,RB,FA,False,,,,,,,,671.0,799.0,2,128.0,14512
700,67.08,799.8,Gary Brightwell,RB,CIN,False,8,,6,,,,,364.2,799.8,2,435.6,15462
701,67.08,800.0,Marcus Simms,WR,FA,False,,,,,,,,612.0,800.0,2,188.0,14544
702,67.08,800.5,Cooper Rush,QB,ATL,False,21,,11,,,,,318.9,800.5,2,481.6,13124
703,67.09,801.0,DeeJay Dallas,RB,JAX,False,9,,7,,,,,344.6,801.0,2,456.4,14815
704,67.10,801.5,Case Keenum,QB,CHI,False,10,,10,,,,,343.0,801.5,2,458.5,10948
705,67.10,801.7,Ramel Keyton,WR,FA,False,,,,,,,,208.5,801.7,2,593.2,16863
706,67.11,803.0,Tyre Brady,WR,FA,False,,,,,,,,518.3,803.0,2,284.7,14128
707,68.04,808.0,MyCole Pruitt,TE,FA,False,,,,,,,,216.5,808.0,2,591.5,12309
708,68.04,808.0,Joaquin Davis,WR,PIT,False,16,,9,,,,,660.0,808.0,2,148.0,17309
709,68.05,808.8,Danny Gray,WR,PHI,False,12,,10,,,,,395.8,808.8,2,413.0,15782
710,68.05,809.0,Dedrick Mills,RB,FA,False,,,,,,,,472.0,809.0,2,337.0,15531
711,68.05,809.3,Kristian Wilkerson,WR,FA,False,,,,,,,,327.5,809.3,2,481.8,15528
712,68.06,809.5,Melvin Gordon,RB,(N/A),False,,,,,,,,384.7,809.5,2,424.8,12151
713,68.06,810.5,Graham Mertz,QB,HOU,False,11,,8,,,,,345.7,810.5,2,464.8,17227
714,68.06,810.5,Quentin Skinner,WR,BUF,False,2,TOP5,7,,,,,372.0,810.5,2,438.5,17448
715,68.08,812.0,Jimmy Graham,TE,FA,False,,,,,,,,575.3,812.0,2,236.7,9925
716,68.08,812.3,Nick Vannett,TE,SEA,False,6,,11,,,,,418.0,812.3,2,394.3,12680
717,68.08,812.5,Montrell Washington,WR,FA,False,,,,,,,,335.0,812.5,2,477.5,15900
718,68.10,813.8,Kedon Slovis,QB,ARI,False,29,BOT5,14,,,,,282.5,813.8,2,531.3,16682
719,68.10,814.0,Dan Chisena,WR,CAR,False,24,,5,,,,,390.7,814.0,2,423.3,15057
720,68.11,815.3,Isaiah Neyor,WR,GB,False,18,,11,,,,,400.4,815.3,2,414.9,17275
721,69.02,817.5,Trevon Wesco,TE,FA,False,,,,,,,,490.5,817.5,2,327.0,14231
722,69.02,818.0,Riley Ridley,WR,FA,False,,,,,,,,622.5,818.0,2,195.5,14103
723,69.02,818.5,Louis Rees-Zammit,RB,FA,False,,,,,,,,290.1,818.5,2,528.4,16683
724,69.05,821.0,Blake Bortles,QB,NO,False,20,,8,,,,,583.5,821.0,2,237.5,11642
725,69.06,822.5,Zavier Scott,RB,MIN,False,25,,6,,,,,338.0,822.5,2,484.5,17337
726,69.09,825.0,Jay Lee,WR,FA,False,,,,,,,,585.5,825.0,2,239.5,12659
727,69.11,827.0,Bo Melton,WR,GB,False,18,,11,,,,,379.3,827.0,2,447.7,15785
728,69.12,828.5,Ja'seem Reed,WR,CAR,False,24,,5,,,,,676.8,828.5,2,151.7,17749
729,70.01,829.3,Terrace Marshall Jr.,WR,MIA,False,30,BOT5,6,,,,,411.9,829.3,2,417.4,15308
730,70.03,831.0,BJ Baylor,RB,ATL,False,21,,11,,,,,629.0,831.0,2,202.0,15992
731,70.05,833.0,Bryant Koback,RB,FA,False,,,,,,,,667.0,833.0,2,166.0,15976
732,70.08,836.0,Adrian Coxson,WR,FA,False,,,,,,,,630.0,836.0,2,206.0,12420
733,70.09,836.7,Devin Leary,QB,FA,False,,,,,,,,342.5,836.7,2,494.2,16591
734,70.09,837.3,CJ Donaldson,RB,NO,True,20,,8,,,,,382.0,837.3,2,455.3,17492
735,70.10,837.5,Jaret Patterson,RB,LAC,False,14,,7,,,,,423.5,837.5,2,414.0,15260
736,71.01,841.0,Jalin Conyers,TE,FA,False,,,,,,,,216.0,841.0,2,625.0,17284
737,71.02,841.5,Boston Scott,RB,FA,False,,,,,,,,641.2,841.5,2,200.3,13814
738,71.02,841.8,Easton Stick,QB,IND,False,23,,13,,,,,267.4,841.8,2,574.4,14069
739,71.10,850.3,John Wolford,QB,FA,False,,,,,,,,318.3,850.3,2,532.0,15035
740,71.11,851.0,Mohamed Sanu,WR,FA,False,,,,,,,,647.3,851.0,2,203.7,10723
741,72.03,854.7,Jacardia Wright,RB,SEA,False,6,,11,,,,,422.3,854.7,2,432.4,17382
742,72.03,855.0,Nick Bowers,TE,FA,False,,,,,,,,412.7,855.0,2,442.3,15542
743,72.04,856.5,Andre Baccellia,WR,FA,False,,,,,,,,314.2,856.5,2,542.3,16037
744,72.05,857.3,Denzel Mims,WR,DAL,False,4,TOP5,14,,,,,633.5,857.3,2,223.8,14846
745,72.08,859.5,Harrison Bryant,TE,FA,False,,,,,,,,380.8,859.5,2,478.7,14875
746,72.08,860.3,Jonathan Mingo,WR,DAL,False,4,TOP5,14,,,,,337.7,860.3,2,522.6,16197
747,72.09,861.0,John Ursua,WR,FA,False,,,,,,,,657.5,861.0,2,203.5,14297
748,73.02,865.5,Hakeem Butler,WR,DEN,False,13,,10,,,,,216.0,865.5,2,649.5,14106
749,73.04,867.7,Stetson Bennett IV,QB,LAR,False,1,TOP5,11,,,,,221.5,867.7,2,646.2,16153
750,73.04,868.0,Carson Steele,RB,PHI,False,12,,10,,,,,227.0,868.0,2,641.0,16612
751,73.04,868.0,Mike Davis,RB,FA,False,,,,,,,,638.0,868.0,2,230.0,12164
752,73.04,868.5,Jermar Jefferson,RB,MIN,False,25,,6,,,,,371.2,868.5,2,497.3,15262
753,73.05,869.0,Jeff Caldwell,WR,KC,True,7,,5,,,68.25,,497.8,869.0,3,800.8,17523
754,73.06,870.0,Braxton Berrios,WR,NYG,False,27,,8,,,,,402.7,870.0,2,467.3,13638
755,73.07,871.0,Sony Michel,RB,FA,False,,,,,,,,600.0,871.0,2,271.0,13607
756,73.08,872.0,David Bell,WR,CLE,False,31,BOT5,11,,,,,401.0,872.0,2,471.0,15758
757,73.08,872.0,Justin Jackson,RB,FA,False,,,,,,,,487.3,872.0,2,384.7,13620
758,73.10,873.7,J. Michael Sturdivant,WR,GB,True,18,,11,,,,,550.5,873.7,2,323.2,17707
759,73.12,875.5,Deontay Burnett,WR,FA,False,,,,,,,,271.5,875.5,2,604.0,13648
760,73.12,876.5,Cole Payton,QB,PHI,True,12,,10,,,62.83,,,876.5,2,813.7,17654
761,74.01,876.7,Mike Boone,RB,FA,False,,,,,,,,214.2,876.7,2,662.5,13868
762,74.01,877.0,Marquise Goodwin,WR,FA,False,,,,,,,,556.0,877.0,2,321.0,11239
763,74.02,878.0,Dominic Lovett,WR,DET,False,3,TOP5,6,,,,,379.5,878.0,2,498.5,17255
764,74.03,879.0,Javon Baker,WR,FA,False,,,,,,,,256.0,879.0,2,623.0,16637
765,74.03,879.0,Stevie Scott,RB,FA,False,,,,,,,,654.0,879.0,2,225.0,15273
766,74.04,879.7,Cordarrelle Patterson,RB,FA,False,,,,,,,,294.3,879.7,2,585.4,11225
767,74.04,880.3,Austin Trammell,WR,JAX,False,9,,7,,,,,414.0,880.3,2,466.3,16120
768,74.05,880.8,Ja'Lynn Polk,WR,NO,False,20,,8,,,,,364.2,880.8,2,516.6,16631
769,74.05,881.0,Donte Moncrief,WR,FA,False,,,,,,,,641.5,881.0,2,239.5,11677
770,74.07,883.0,Luis Perez,QB,FA,False,,,,,,,,644.8,883.0,2,238.2,14196
771,74.09,885.0,Josh Caldwell,RB,FA,False,,,,,,,,642.2,885.0,2,242.8,14445
772,74.10,885.5,AJ McCarron,QB,FA,False,,,,,,,,263.5,885.5,2,622.0,11643
773,74.10,885.7,Dorian Thompson-Robinson,QB,FA,False,,,,,,,,339.8,885.7,2,545.9,16158
774,74.10,886.0,Rhett Ellison,TE,FA,False,,,,,,,,491.5,886.0,2,394.5,10838
775,74.11,887.0,Marcus Rosemy-Jacksaint,WR,FA,False,,,,,,,,333.0,887.0,2,554.0,16819
776,74.11,887.0,Dillon Johnson,RB,FA,False,,,,,,,,610.3,887.0,2,276.7,16609
777,75.04,891.5,Garrett Nussmeier,QB,KC,True,7,,5,,,76.75,,370.3,891.5,3,814.8,17465
778,75.04,892.3,Dez Fitzpatrick,WR,FA,False,,,,,,,,313.0,892.3,2,579.3,15407
779,75.05,892.7,Xazavian Valladay,RB,FA,False,,,,,,,,366.0,892.7,2,526.7,16386
780,75.10,898.5,Tyler Mabry,TE,FA,False,,,,,,,,404.8,898.5,2,493.7,15562
781,76.02,902.0,Nick Ralston,RB,FA,False,,,,,,,,607.5,902.0,2,294.5,15593
782,76.03,903.0,Ja'Corey Brooks,WR,FA,False,,,,,,,,378.7,903.0,2,524.3,17091
783,76.04,903.5,A.T. Perry,WR,FA,False,,,,,,,,354.0,903.5,2,549.5,16196
784,76.06,906.5,Chase Claypool,WR,FA,False,,,,,,,,384.7,906.5,2,521.8,14841
785,76.07,907.0,Allen Lazard,WR,FA,False,,,,,,,,373.9,907.0,2,533.1,13632
786,76.07,907.0,Emanuel Hall,WR,FA,False,,,,,,,,470.0,907.0,2,437.0,14115
787,76.09,909.0,Da'Mari Scott,WR,FA,False,,,,,,,,649.0,909.0,2,260.0,13990
788,76.11,910.7,Amar Johnson,RB,LAC,False,14,,7,,,,,420.0,910.7,2,490.7,17272
789,76.12,911.5,N'Keal Harry,TE,FA,False,,,,,,,,599.5,911.5,2,312.0,14101
790,76.12,911.7,Mike White,QB,FA,False,,,,,,,,263.2,911.7,2,648.5,13598
791,77.01,913.0,Jerome Cunningham,TE,WSH,False,19,,7,,,,,650.0,913.0,2,263.0,12124
792,77.04,916.5,Andy Isabella,WR,FA,False,,,,,,,,366.0,916.5,2,550.5,14121
793,77.08,920.0,Diontae Johnson,WR,FA,False,,,,,,,,409.4,920.0,2,510.6,14208
794,77.09,921.0,Riley Neal,QB,FA,False,,,,,,,,651.7,921.0,2,269.3,14796
795,77.10,921.8,Tom Kennedy,WR,DET,False,3,TOP5,6,,,,,411.4,921.8,2,510.4,14503
796,77.11,923.0,Christian Blake,WR,FA,False,,,,,,,,498.0,923.0,2,425.0,14342
797,78.08,931.5,Trey Sermon,RB,ATL,False,21,,11,,,,,409.5,931.5,2,522.0,15257
798,78.08,932.0,Garrett Celek,TE,FA,False,,,,,,,,613.5,932.0,2,318.5,11007
799,78.08,932.5,Tim Jones,WR,JAX,False,9,,7,,,,,406.0,932.5,2,526.5,16005
800,79.01,937.0,Alex Smith,QB,FA,False,,,,,,,,654.3,937.0,2,282.7,7813
801,79.03,939.0,Abram Smith,RB,FA,False,,,,,,,,673.5,939.0,2,265.5,15728
802,79.07,942.7,Dalvin Cook,RB,FA,False,,,,,,,,376.1,942.7,2,566.6,13128
803,79.10,946.5,Adrian Martinez,QB,SF,False,17,,8,,,,,382.5,946.5,2,564.0,16868
804,79.10,946.5,Devin Asiasi,TE,FA,False,,,,,,,,390.0,946.5,2,556.5,14936
805,79.12,948.0,Lan Larison,RB,NE,False,5,TOP5,11,,,,,219.8,948.0,2,728.2,17267
806,79.12,948.0,Matt Schaub,QB,FA,False,,,,,,,,568.5,948.0,2,379.5,7480
807,80.01,949.0,Golden Tate,WR,FA,False,,,,,,,,501.8,949.0,2,447.2,9831
808,80.02,949.8,Kyle Trask,QB,CAR,False,24,,5,,,,,360.9,949.8,2,588.9,15242
809,80.04,952.0,B.J. Emmons,RB,FA,False,,,,,,,,657.5,952.0,2,294.5,15509
810,80.08,956.3,Aidan O'Connell,QB,LV,False,32,BOT5,13,,,,,416.1,956.3,2,540.2,16159
811,80.10,958.0,Vance McDonald,TE,FA,False,,,,,,,,617.3,958.0,2,340.7,11257
812,80.10,958.3,Adam Thielen,WR,PIT,False,16,,9,,,,,395.4,958.3,2,562.9,11938
813,81.01,961.0,Will Mallory,TE,IND,False,23,,13,,,,,350.7,961.0,2,610.3,16220
814,81.04,964.3,Jake Haener,QB,NYG,False,27,,8,,,,,412.3,964.3,2,552.0,16156
815,81.05,964.8,Sam Ehlinger,QB,DEN,False,13,,10,,,,,418.1,964.8,2,546.7,15250
816,81.07,967.0,Ben Ellefson,TE,FA,False,,,,,,,,659.8,967.0,2,307.2,15088
817,81.08,967.7,Taylor Heinicke,QB,FA,False,,,,,,,,415.5,967.7,2,552.2,12476
818,81.10,970.5,Marlon Mack,RB,FA,False,,,,,,,,693.0,970.5,2,277.5,13234
819,81.12,972.0,Tommy Hudson,TE,TEN,False,26,,9,,,,,451.0,972.0,2,521.0,15544
820,82.02,973.5,Jalen Guyton,WR,FA,False,,,,,,,,564.0,973.5,2,409.5,14337
821,82.05,977.0,Jermaine Kearse,WR,FA,False,,,,,,,,661.3,977.0,2,315.7,11076
822,82.06,978.5,Brady Russell,RB,SEA,False,6,,11,,,,,403.0,978.5,2,575.5,16496
823,82.06,978.5,Chris Herndon,TE,FA,False,,,,,,,,408.0,978.5,2,570.5,13679
824,82.09,981.0,D.J. Williams,RB,FA,False,,,,,,,,382.5,981.0,2,598.5,16860
825,82.09,981.0,Jacob Eason,QB,FA,False,,,,,,,,519.5,981.0,2,461.5,14780
826,82.09,981.3,JP Richardson,WR,CHI,False,10,,10,,,,,541.5,981.3,2,439.8,17322
827,82.10,981.5,Deneric Prince,RB,FA,False,,,,,,,,322.0,981.5,2,659.5,16380
828,82.10,981.5,Sean Mannion,QB,FA,False,,,,,,,,694.7,981.5,2,286.8,12145
829,82.12,984.0,Seth Williams,WR,FA,False,,,,,,,,624.0,984.0,2,360.0,15286
830,83.02,986.0,Larry Rountree,RB,FA,False,,,,,,,,640.0,986.0,2,346.0,15272
831,83.06,989.5,Brandon Bolden,RB,FA,False,,,,,,,,634.3,989.5,2,355.2,10932
832,83.06,990.5,Kellen Mond,QB,FA,False,,,,,,,,645.0,990.5,2,345.5,15243
833,83.11,995.0,Dillon Stoner,WR,FA,False,,,,,,,,508.5,995.0,2,486.5,15311
834,83.12,996.0,Jesse James,TE,FA,False,,,,,,,,596.8,996.0,2,399.2,12211
835,84.04,999.5,Trey Quinn,WR,FA,False,,,,,,,,644.0,999.5,2,355.5,13664
836,84.04,1000.0,Amari Rodgers,WR,FA,False,,,,,,,,495.3,1000.0,2,504.7,15297
837,84.06,1002.0,K.J. Maye,WR,FA,False,,,,,,,,584.0,1002.0,2,418.0,13428
838,84.07,1002.7,Raheem Mostert,RB,FA,False,,,,,,,,221.5,1002.7,2,781.2,12447
839,84.09,1005.0,Sam Hartman,QB,WSH,False,19,,7,,,,,660.9,1005.0,2,344.1,16587
840,85.04,1012.0,Jay Ajayi,RB,FA,False,,,,,,,,667.1,1012.0,2,344.9,12154
841,85.04,1012.5,Dresser Winn,QB,FA,False,,,,,,,,655.8,1012.5,2,356.7,16526
842,85.08,1016.0,La'Mical Perine,RB,FA,False,,,,,,,,479.0,1016.0,2,537.0,14806
843,85.09,1017.0,Philip Rivers,QB,IND,False,23,,13,,,,,221.3,1017.0,2,795.7,7394
844,85.10,1018.5,Daurice Fountain,WR,FA,False,,,,,,,,593.0,1018.5,2,425.5,13666
845,86.04,1024.5,Kazmeir Allen,WR,FA,False,,,,,,,,351.5,1024.5,2,673.0,16879
846,86.05,1025.0,Jaelon Darden,WR,FA,False,,,,,,,,373.5,1025.0,2,651.5,15321
847,86.10,1030.0,Jake Coker,QB,FA,False,,,,,,,,670.0,1030.0,2,360.0,12619
848,87.01,1033.0,Chad Kelly,QB,FA,False,,,,,,,,670.8,1033.0,2,362.2,13121
849,87.03,1035.0,Matt Landers,WR,FA,False,,,,,,,,599.0,1035.0,2,436.0,16399
850,87.07,1039.0,Dai'Jean Dixon,WR,FA,False,,,,,,,,566.0,1039.0,2,473.0,15778
851,87.09,1040.7,Nathan Peterman,QB,FA,False,,,,,,,,574.2,1040.7,2,466.5,13127
852,87.10,1042.0,Clayton Thorson,QB,NYG,False,27,,8,,,,,629.5,1042.0,2,412.5,14064
853,87.11,1043.0,Jamie Newman,QB,FA,False,,,,,,,,673.0,1043.0,2,370.0,15245
854,88.02,1046.0,Maurice Ffrench,WR,FA,False,,,,,,,,513.2,1046.0,2,532.8,15643
855,88.04,1048.0,Brian Hill,RB,FA,False,,,,,,,,216.0,1048.0,2,832.0,13240
856,88.08,1052.0,Tyrion Davis-Price,RB,FA,False,,,,,,,,311.0,1052.0,2,741.0,15746
857,89.06,1062.0,Demario Richard,RB,FA,False,,,,,,,,676.0,1062.0,2,386.0,13626
858,89.08,1064.5,Marvin Jones,WR,FA,False,,,,,,,,582.0,1064.5,2,482.5,10738
859,89.09,1065.0,Jimmy Garoppolo,QB,LAR,False,1,TOP5,11,,,,,378.9,1065.0,2,686.1,11760
860,89.10,1066.0,Cade Johnson,WR,FA,False,,,,,,,,656.5,1066.0,2,409.5,15325
861,90.03,1071.0,Bryce Perkins,QB,FA,False,,,,,,,,633.3,1071.0,2,437.7,14792
862,90.06,1074.0,Damon Hazelton,WR,FA,False,,,,,,,,559.5,1074.0,2,514.5,15513
863,90.07,1075.0,Nick Easley,WR,BUF,False,2,TOP5,7,,,,,561.5,1075.0,2,513.5,14471
864,90.08,1075.5,Kyle Philips,WR,FA,False,,,,,,,,489.5,1075.5,2,586.0,15901
865,90.09,1077.0,Bobo Wilson,WR,FA,False,,,,,,,,678.0,1077.0,2,399.0,13544
866,90.12,1080.0,Todd Gurley,RB,FA,False,,,,,,,,678.1,1080.0,2,401.9,12150
867,91.01,1081.0,Kalen Ballage,RB,FA,False,,,,,,,,665.0,1081.0,2,416.0,13621
868,91.03,1083.0,Jordan Westerkamp,WR,FA,False,,,,,,,,521.5,1083.0,2,561.5,13178
869,91.05,1085.0,Chris Brown,WR,FA,False,,,,,,,,679.0,1085.0,2,406.0,12668
870,91.06,1085.5,Deon Cain,WR,FA,False,,,,,,,,687.5,1085.5,2,398.0,13636
871,91.08,1088.0,Tommy Stevens,TE,NYG,False,27,,8,,,,,679.5,1088.0,2,408.5,15017
872,91.12,1092.0,Ross Scheuerman,RB,PHI,False,12,,10,,,,,680.0,1092.0,2,412.0,12407
873,92.03,1095.0,Jerome Lane,WR,FA,False,,,,,,,,681.0,1095.0,2,414.0,13373
874,92.04,1096.0,Tommy Mellott,WR,FA,False,,,,,,,,384.0,1096.0,2,712.0,17238
875,92.07,1099.0,Sandro Platzgummer,RB,FA,False,,,,,,,,681.9,1099.0,2,417.1,15532
876,92.10,1102.0,Christian Wade,RB,FA,False,,,,,,,,654.7,1102.0,2,447.3,14194
877,92.11,1103.0,Terry Swanson,RB,FA,False,,,,,,,,682.0,1103.0,2,421.0,13856
878,92.12,1104.0,Ryan Fitzpatrick,QB,FA,False,,,,,,,,682.4,1104.0,2,421.6,8062
879,93.02,1106.5,Blake Jarwin,TE,FA,False,,,,,,,,696.0,1106.5,2,410.5,13722
880,93.05,1109.0,Landen Akers,WR,FA,False,,,,,,,,683.0,1109.0,2,426.0,15539
881,93.07,1111.0,Josh Imatorbhebhe,WR,FA,False,,,,,,,,683.1,1111.0,2,427.9,15314
882,93.10,1114.0,Javon Wims,WR,FA,False,,,,,,,,639.2,1114.0,2,474.8,13644
883,93.10,1114.5,Wayne Gallman,RB,FA,False,,,,,,,,673.5,1114.5,2,441.0,13135
884,93.11,1115.0,J.J. Nelson,WR,FA,False,,,,,,,,565.0,1115.0,2,550.0,12319
885,93.12,1116.0,Josh Gordon,WR,FA,False,,,,,,,,684.0,1116.0,2,432.0,10960
886,94.06,1122.0,Austin Reed,QB,BAL,False,15,,13,,,,,674.0,1122.0,2,448.0,16804
887,94.12,1128.5,Pooka Williams,RB,FA,False,,,,,,,,656.0,1128.5,2,472.5,15266
888,95.01,1129.0,Giovani Bernard,RB,FA,False,,,,,,,,567.3,1129.0,2,561.7,11193
889,95.02,1130.5,Jake Fromm,QB,FA,False,,,,,,,,536.3,1130.5,2,594.2,14781
890,95.07,1135.0,Aidan Robbins,RB,FA,False,,,,,,,,690.3,1135.0,2,444.7,16825
891,95.08,1136.0,Devonta Freeman,RB,FA,False,,,,,,,,567.7,1136.0,2,568.3,11660
892,96.02,1142.0,Latavius Murray,RB,FA,False,,,,,,,,692.1,1142.0,2,449.9,11390
893,96.04,1144.0,Jordan Ta'amu,QB,FA,False,,,,,,,,569.5,1144.0,2,574.5,14622
894,96.06,1145.5,Holton Ahlers,QB,FA,False,,,,,,,,636.8,1145.5,2,508.7,16417
895,96.09,1149.0,Mike Weber,RB,FA,False,,,,,,,,272.0,1149.0,2,877.0,14077
896,96.12,1152.0,Kennedy Brooks,RB,FA,False,,,,,,,,475.5,1152.0,2,676.5,15736
897,97.02,1154.0,Sone Ntoh,RB,FA,False,,,,,,,,689.8,1154.0,2,464.2,17279
898,97.06,1158.0,Taulia Tagovailoa,QB,FA,False,,,,,,,,690.4,1158.0,2,467.6,16590
899,97.08,1160.0,Jacob Harris,WR,FA,False,,,,,,,,216.0,1160.0,2,944.0,15425
900,97.08,1160.0,Chad Henne,QB,FA,False,,,,,,,,643.8,1160.0,2,516.2,9073
901,97.09,1161.0,Jerreth Sterns,WR,FA,False,,,,,,,,691.0,1161.0,2,470.0,15971
902,99.02,1178.0,Sammy Watkins,WR,FA,False,,,,,,,,548.0,1178.0,2,630.0,11670
903,99.03,1179.0,Rashaad Penny,RB,FA,False,,,,,,,,546.0,1179.0,2,633.0,13608
904,100.06,1194.0,Ryan Nall,RB,FA,False,,,,,,,,695.0,1194.0,2,499.0,13849
905,101.03,1203.0,Kawaan Baker,WR,NE,False,5,TOP5,11,,,,,530.0,1203.0,2,673.0,15497
906,101.06,1206.0,J.T. Barrett,QB,FA,False,,,,,,,,696.6,1206.0,2,509.4,13596
907,101.07,1207.0,Seth Henigan,QB,FA,False,,,,,,,,216.0,1207.0,2,991.0,17283
908,101.12,1212.0,Damoun Patterson,WR,FA,False,,,,,,,,668.3,1212.0,2,543.7,13883
909,102.12,1224.0,CJ Marable,RB,FA,False,,,,,,,,699.5,1224.0,2,524.5,15279
910,103.01,1225.0,Darren Carrington,WR,FA,False,,,,,,,,580.5,1225.0,2,644.5,13651
911,103.02,1226.0,Lamar Miller,RB,FA,False,,,,,,,,699.5,1226.0,2,526.5,10708
912,103.06,1229.5,De'Anthony Thomas,WR,FA,False,,,,,,,,670.0,1229.5,2,559.5,11659
913,103.12,1236.0,Jahwan Edwards,RB,MIA,False,30,BOT5,6,,,,,481.0,1236.0,2,755.0,12408
914,105.09,1257.0,Mathew Sexton,WR,KC,False,7,,5,,,,,687.5,1257.0,2,569.5,15540
915,106.06,1266.5,Zakhari Franklin,WR,FA,False,,,,,,,,681.3,1266.5,2,585.2,16638
916,109.05,1301.0,Kirk Merritt,WR,FA,False,,,,,,,,700.0,1301.0,2,601.0,15046
917,111.03,1323.0,Nathan Carter,RB,ATL,False,21,,11,,,,,380.7,1323.0,2,942.3,17348
918,118.10,1414.0,Matt LaCosse,TE,NE,False,5,TOP5,11,,,,,216.0,1414.0,2,1198.0,12596
