"Player","Position","Team","Sleeper","ESPN","Yahoo!","CBS","Fantrax","FFPC","BB10s","NFFC","Underdog","Consensus"
"Jahmyr Gibbs","RB","DET","1.7","1.5","1.5","1.3","1.3","1.1","1.8","1.6","1.1","1.4"
"Bijan Robinson","RB","ATL","2.4","2.6","1.9","1.9","1.9","1.9","1.6","1.7","2.1","2.0"
"Ja'Marr Chase","WR","CIN","3.1","4.2","3.3","4.0","3.3","3.0","3.4","3.2","3.0","3.4"
"Puka Nacua","WR","LAR","4.0","4.5","4.6","5.1","4.4","4.8","4.7","4.5","4.1","4.5"
"Jaxon Smith-Njigba","WR","SEA","6.2","5.9","6.6","7.0","6.0","6.1","6.1","5.8","5.5","6.1"
"Christian McCaffrey","RB","SF","5.4","6.6","5.5","6.9","5.7","8.1","6.4","6.7","6.3","6.4"
"Jonathan Taylor","RB","IND","7.3","8.1","7.1","5.3","7.3","9.6","8.0","8.5","7.8","7.7"
"Amon-Ra St. Brown","WR","DET","8.0","8.4","8.1","9.4","8.1","7.3","8.4","7.4","7.0","8.0"
"James Cook","RB","BUF","10.1","12.9","9.9","11.2","10.8","9.9","12.5","11.3","10.2","11.0"
"CeeDee Lamb","WR","DAL","9.7","10.7","10.2","15.2","12.2","14.8","11.7","11.7","9.7","11.8"
"Ashton Jeanty","RB","LV","14.6","17.3","13.9","12.8","10.1","10.4","10.8","10.5","12.0","12.5"
"Justin Jefferson","WR","MIN","11.8","12.2","12.4","16.9","11.7","14.8","13.6","12.6","11.1","13.0"
"De'Von Achane","RB","MIA","12.0","12.1","15.8","11.6","14.2","17.3","13.6","15.2","17.2","14.3"
"Saquon Barkley","RB","PHI","13.1","16.3","12.5","14.0","15.6","18.1","18.3","17.7","13.8","15.5"
"Chase Brown","RB","CIN","17.4","24.2","16.6","13.2","13.6","12.0","16.7","15.1","14.9","16.0"
"Omarion Hampton","RB","LAC","15.1","27.5","18.6","19.4","15.5","17.7","15.6","14.5","16.4","17.8"
"Kenneth Walker","RB","KC","19.6","23.6","17.2","20.5","18.0","14.9","20.3","19.0","14.4","18.6"
"Drake London","WR","ATL","15.7","18.9","18.5","17.9","19.9","22.2","19.4","19.0","21.4","19.2"
"Derrick Henry","RB","BAL","21.7","20.0","18.2","14.4","20.4","21.3","22.8","23.2","17.1","19.9"
"Brock Bowers","TE","LV","22.8","24.0","21.0","28.1","19.3","6.4","23.8","21.8","19.9","20.8"
"A.J. Brown","WR","NE","18.4","27.1","25.1","24.2","17.8","20.9","27.9","23.0","18.9","22.6"
"Trey McBride","TE","ARI","20.3","19.9","25.1","27.8","24.2","14.9","22.8","24.2","29.6","23.2"
"Nico Collins","WR","HOU","25.6","27.7","22.1","28.0","22.6","27.4","24.7","24.9","23.0","25.1"
"George Pickens","WR","DAL","23.4","29.4","22.4","23.1","26.1","26.9","27.1","24.9","23.3","25.2"
"Jeremiyah Love","RB","ARI","26.9","18.7","27.1","30.0","34.9","28.1","24.3","26.6","26.5","27.0"
"Josh Allen","QB","BUF","23.1","22.2","19.6","19.9","32.5","40.5","26.2","28.5","36.4","27.7"
"Rashee Rice","WR","KC","27.9","22.3","33.6","23.7","27.4","27.9","31.3","28.3","26.7","27.7"
"Malik Nabers","WR","NYG","28.0","36.3","33.9","34.2","23.7","24.5","31.9","32.4","23.5","29.8"
"Chris Olave","WR","NO","30.7","35.1","33.1","30.3","22.7","28.3","31.1","29.0","29.0","29.9"
"Kyren Williams","RB","LAR","29.8","43.1","29.5","26.6","27.4","36.1","29.6","33.4","31.8","31.9"
"Breece Hall","RB","NYJ","31.2","32.0","35.8","31.8","32.4","30.2","32.3","33.4","29.3","32.0"
"DeVonta Smith","WR","PHI","37.0","39.2","29.4","38.4","29.4","33.6","38.9","34.7","27.7","34.3"
"Javonte Williams","RB","DAL","36.2","38.1","34.9","35.8","30.9","40.4","32.9","35.9","35.1","35.6"
"Josh Jacobs","RB","GB","31.0","33.3","32.4","28.1","40.5","44.4","34.1","38.5","41.4","36.0"
"Zay Flowers","WR","BAL","42.3","42.2","37.5","37.7","35.5","32.2","40.5","35.9","31.1","37.2"
"Emeka Egbuka","WR","TB","39.2","44.7","43.3","39.6","39.0","35.0","45.4","37.5","33.0","39.6"
"Tee Higgins","WR","CIN","34.5","58.1","33.3","40.6","38.5","40.1","39.4","37.6","34.9","39.7"
"Tetairoa McMillan","WR","CAR","35.7","42.4","41.6","44.6","37.6","43.3","37.6","36.8","39.9","39.9"
"Colston Loveland","TE","CHI","41.8","45.3","39.6","45.9","42.9","21.1","47.7","45.9","44.1","41.6"
"Garrett Wilson","WR","NYJ","45.8","36.1","49.1","48.9","39.7","36.5","40.5","38.6","39.2","41.6"
"Cam Skattebo","RB","NYG","43.9","43.3","41.2","31.5","41.4","40.1","46.1","46.4","43.8","42.0"
"Travis Etienne","RB","NO","44.5","48.6","43.3","43.2","37.5","46.2","37.2","41.0","42.4","42.7"
"Ladd McConkey","WR","LAC","38.1","52.8","46.0","45.4","57.0","37.7","43.7","40.1","34.0","43.9"
"Jaylen Waddle","WR","DEN","47.6","60.5","43.5","53.8","45.0","38.8","51.0","45.9","38.5","47.2"
"Lamar Jackson","QB","BAL","33.4","38.8","37.0","41.4","50.9","77.0","48.3","56.1","56.2","48.8"
"Bucky Irving","RB","TB","39.1","56.1","54.3","41.8","58.3","54.2","48.0","54.4","54.7","51.2"
"Tyler Warren","TE","IND","46.2","47.0","47.3","54.2","53.4","28.1","63.3","60.0","62.2","51.3"
"Quinshon Judkins","RB","CLE","53.9","54.7","53.1","48.1","50.0","48.6","51.5","53.9","53.3","51.9"
"D'Andre Swift","RB","CHI","55.7","69.7","48.5","41.0","48.8","49.8","53.9","54.5","47.1","52.1"
"Davante Adams","WR","LAR","50.4","47.6","51.8","58.8","48.0","58.0","51.2","51.9","52.4","52.2"
"Terry McLaurin","WR","WAS","55.4","61.9","54.3","57.5","51.1","50.4","53.3","49.3","47.2","53.4"
"Luther Burden","WR","CHI","49.9","77.2","58.3","63.2","49.2","46.6","48.1","45.3","45.7","53.7"
"David Montgomery","RB","HOU","51.8","74.8","53.0","55.5","49.9","48.3","51.5","51.5","47.4","53.7"
"Drake Maye","QB","NE","48.0","47.4","47.2","53.5","57.8","82.4","55.1","57.5","67.1","57.3"
"TreVeyon Henderson","RB","NE","52.6","76.7","61.2","62.9","46.2","61.2","49.2","51.7","57.4","57.7"
"Jameson Williams","WR","DET","57.5","68.3","65.7","59.6","56.5","59.8","52.9","51.6","51.7","58.2"
"DJ Moore","WR","BUF","58.6","67.5","64.1","62.1","55.8","47.4","65.2","58.0","53.0","59.1"
"Joe Burrow","QB","CIN","54.2","60.0","47.9","50.9","56.3","86.0","54.9","55.7","68.3","59.3"
"Bhayshul Tuten","RB","JAX","61.1","77.6","62.4","56.2","59.6","51.4","63.9","61.8","50.7","60.5"
"Rome Odunze","WR","CHI","66.0","69.8","68.6","62.3","61.5","58.0","61.2","58.5","58.4","62.7"
"Mike Evans","WR","SF","59.6","94.9","65.9","65.9","60.4","56.7","58.6","55.8","48.8","63.0"
"Christian Watson","WR","GB","70.3","101.6","67.8","74.5","58.8","54.3","59.3","54.7","57.5","66.5"
"Jayden Daniels","QB","WAS","62.1","50.9","53.8","63.9","68.7","95.7","64.2","72.8","69.5","66.8"
"Jadarian Price","RB","SEA","69.8","80.8","66.2","63.1","62.7","60.1","71.7","71.3","61.9","67.5"
"Carnell Tate","WR","TEN","63.4","73.3","78.7","86.4","66.1","67.6","67.1","63.8","61.7","69.8"
"Jalen Hurts","QB","PHI","63.7","52.4","56.7","70.7","72.5","106.0","68.7","80.2","72.6","71.5"
"Marvin Harrison","WR","ARI","75.8","91.2","79.2","76.6","72.7","68.6","74.6","68.9","66.8","74.9"
"Tucker Kraft","TE","GB","65.3","97.8","61.1","75.6","73.9","62.0","81.4","83.5","78.6","75.5"
"Parker Washington","WR","JAX","78.3","99.9","85.0","84.8","59.6","55.8","85.0","73.5","58.7","75.6"
"Jaylen Warren","RB","PIT","73.8","103.5","76.8","75.3","73.1","70.7","68.4","72.3","70.3","76.0"
"Sam LaPorta","TE","DET","60.4","65.7","63.0","68.5","85.6","62.6","97.2","95.8","88.6","76.4"
"Kyle Pitts","TE","ATL","68.1","65.8","73.3","70.6","80.8","62.7","87.0","86.0","102.8","77.5"
"Brian Thomas","WR","JAX","71.5","106.7","84.3","84.3","69.8","71.8","76.6","71.2","63.9","77.8"
"Caleb Williams","QB","CHI","71.4","92.2","68.9","74.9","71.1","106.2","68.7","74.6","73.2","77.9"
"Harold Fannin","TE","CLE","67.9","77.1","71.4","83.0","76.5","61.7","83.7","86.4","102.9","79.0"
"DK Metcalf","WR","PIT","74.0","87.5","86.4","90.4","78.8","80.6","72.7","73.5","75.6","79.9"
"Rhamondre Stevenson","RB","NE","85.1","100.9","81.1","84.5","83.9","72.3","78.9","82.4","71.2","82.3"
"Dak Prescott","QB","DAL","81.6","87.1","75.0","59.8","79.2","118.8","76.7","83.8","80.8","82.5"
"Tony Pollard","RB","TEN","87.3","98.9","85.7","73.9","77.2","84.2","79.3","82.3","76.8","82.8"
"Courtland Sutton","WR","DEN","79.4","84.5","101.5","80.5","75.6","92.0","74.8","74.9","83.3","82.9"
"Justin Herbert","QB","LAC","84.4","109.1","68.8","84.9","85.6","115.7","74.5","79.4","83.8","87.4"
"Rico Dowdle","RB","PIT","87.3","109.4","87.1","80.0","87.1","78.8","87.5","92.6","85.3","88.3"
"RJ Harvey","RB","DEN","79.8","134.9","101.0","76.4","74.3","88.6","73.6","81.4","88.1","88.7"
"Chuba Hubbard","RB","CAR","76.6","117.7","78.6","89.8","88.8","103.4","70.4","81.0","94.8","89.0"
"Alec Pierce","WR","IND","97.8","98.2","86.9","75.0","109.6","98.0","76.8","79.7","91.9","90.4"
"Trevor Lawrence","QB","JAX","98.5","95.0","85.1","86.3","92.4","118.7","77.9","82.7","86.5","91.5"
"Jordyn Tyson","WR","NO","77.0","111.5","91.8","111.4","141.1","87.3","84.2","80.6","71.6","95.2"
"Mike Wilson","WR","ARI","83.3","107.0","104.6","108.2","95.1","90.7","89.9","86.2","91.7","95.2"
"Jaxson Dart","QB","NYG","82.3","76.2","85.0","100.2","104.4","139.6","78.7","96.0","101.9","96.0"
"Jonathon Brooks","RB","CAR","123.8","126.1","102.6","97.5","61.2","65.2","120.7","102.9","78.9","97.7"
"Chris Godwin","WR","TB","95.9","148.1","98.2","97.6","86.8","76.8","101.4","92.4","87.1","98.2"
"J.K. Dobbins","RB","DEN","92.6","123.1","98.1","91.9","95.3","96.9","98.0","101.1","96.0","99.2"
"Mike Pittman","WR","PIT","103.6","90.7","120.1","113.7","95.9","89.0","93.3","88.8","99.3","99.4"
"George Kittle","TE","SF","91.6","99.5","88.2","94.1","105.6","72.6","114.5","118.1","113.8","99.8"
"Quentin Johnston","WR","LAC","107.8","142.0","108.0","100.6","92.1","91.4","98.8","87.5","74.6","100.3"
"Josh Downs","WR","IND","110.5","121.2","112.7","107.1","83.2","78.8","116.3","103.5","81.4","101.6"
"Kyle Monangai","RB","CHI","95.1","130.9","100.5","103.1","96.7","103.3","90.5","95.5","99.7","101.7"
"Blake Corum","RB","LAR","104.0","141.0","99.5","107.6","98.6","79.4","100.6","96.6","89.0","101.8"
"Matt Stafford","QB","LAR","99.6","79.6","100.3","93.0","95.5","156.7","88.2","95.3","109.0","101.9"
"Makai Lemon","WR","PHI","86.5","136.0","108.4","120.0","94.2","111.8","96.2","95.6","82.3","103.4"
"Kenneth Gainwell","RB","TB","111.8","122.6","117.1","99.8","104.2","83.5","98.0","94.5","109.3","104.5"
"Brock Purdy","QB","SF","117.6","104.9","98.1","94.9","110.3","136.6","88.9","98.7","102.1","105.8"
"Travis Kelce","TE","KC","93.3","100.4","94.1","101.5","116.2","83.4","120.7","122.5","122.7","106.1"
"Patrick Mahomes","QB","KC","106.4","109.4","98.6","99.5","105.5","150.3","94.0","104.2","97.2","107.2"
"Wan'Dale Robinson","WR","TEN","109.0","118.1","130.8","102.7","103.9","97.3","106.5","99.2","111.5","108.8"
"Jordan Addison","WR","MIN","105.8","122.1","118.2","117.2","108.2","113.0","106.6","106.0","89.8","109.7"
"Texans","DST","HOU","101.0","86.5","92.5","99.5","104.1","","147.1","146.6","","111.0"
"Bo Nix","QB","DEN","119.5","89.8","100.6","121.0","114.5","147.5","95.2","106.7","107.1","111.3"
"Jakobi Meyers","WR","JAX","102.3","116.3","128.3","114.7","109.6","123.4","95.9","99.3","115.5","111.7"
"Jayden Reed","WR","GB","114.6","138.1","120.0","125.5","110.8","98.5","114.2","106.6","79.6","112.0"
"Jordan Mason","RB","MIN","120.0","150.7","118.8","103.3","109.3","90.5","113.2","114.2","103.3","113.7"
"Jake Ferguson","TE","DAL","100.3","112.4","114.6","118.9","109.5","99.8","116.3","119.9","134.0","114.0"
"Jacory Croskey-Merritt","RB","WAS","111.4","138.3","115.0","106.7","114.5","96.0","119.0","123.1","106.8","114.5"
"Dallas Goedert","TE","PHI","124.7","100.9","106.6","85.3","125.4","88.8","134.6","129.6","135.3","114.6"
"Rachaad White","RB","WAS","127.8","132.1","120.8","118.9","90.0","102.6","118.4","109.2","114.4","114.9"
"Dalton Kincaid","TE","BUF","90.0","135.5","99.8","123.5","131.2","83.3","126.5","123.1","123.3","115.1"
"Isaiah Likely","TE","NYG","113.8","130.1","108.9","97.3","127.3","77.0","129.1","125.9","126.3","115.1"
"Stefon Diggs","WR","WAS","116.0","131.2","113.7","122.8","81.4","98.3","142.9","132.2","99.6","115.3"
"Jared Goff","QB","DET","133.3","139.0","114.7","108.1","112.4","157.9","95.9","102.6","110.8","119.4"
"Rams","DST","LAR","89.2","100.7","89.8","109.4","131.5","","165.8","156.3","","120.4"
"Matt Golden","WR","GB","131.9","107.3","129.1","135.9","127.2","110.0","129.5","120.3","104.6","121.8"
"Aaron Jones","RB","MIN","121.3","128.9","122.3","112.9","117.3","124.0","123.4","130.9","126.1","123.0"
"Broncos","DST","DEN","122.6","94.3","100.8","90.7","129.6","","168.8","166.4","","124.7"
"Mark Andrews","TE","BAL","130.4","123.1","113.7","122.3","136.1","102.0","137.6","136.7","131.2","125.9"
"Xavier Worthy","WR","KC","139.4","137.2","128.6","133.2","128.7","124.5","129.1","119.7","105.2","127.3"
"KC Concepcion","WR","CLE","129.3","150.8","131.4","127.5","118.3","106.0","137.8","129.3","116.3","127.4"
"Seahawks","DST","SEA","108.1","107.5","106.9","112.1","139.8","","163.4","162.6","","128.6"
"Romeo Doubs","WR","NE","127.1","153.3","132.0","141.0","124.1","128.1","125.7","121.0","118.5","130.1"
"Jayden Higgins","WR","HOU","140.2","159.7","133.2","142.3","122.5","123.6","120.1","115.3","121.5","130.9"
"Kyler Murray","QB","MIN","158.5","147.7","111.3","132.6","124.1","164.1","107.3","121.9","113.5","131.2"
"Khalil Shakir","WR","BUF","138.3","128.3","131.6","139.8","134.7","137.6","125.4","124.4","130.7","132.3"
"Baker Mayfield","QB","TB","142.8","148.9","126.9","125.7","130.6","173.2","107.8","117.0","122.1","132.8"
"Jalen Coker","WR","CAR","145.7","161.1","133.3","146.1","129.9","129.2","133.0","129.9","129.6","137.5"
"Jordan Love","QB","GB","146.0","159.3","124.3","139.2","129.7","190.2","109.7","122.5","116.3","137.5"
"Tyrone Tracy","RB","NYG","159.1","166.4","130.9","128.9","135.5","122.4","132.9","134.1","137.5","138.6"
"Deebo Samuel","WR","SF","137.2","137.4","127.8","124.7","141.9","125.7","165.2","160.1","128.2","138.7"
"Chris Rodriguez","RB","JAX","156.1","167.3","132.2","134.4","133.2","123.2","138.4","143.6","126.8","139.5"
"Tyler Shough","QB","NO","167.9","155.6","129.9","142.3","134.0","176.3","104.3","119.6","125.6","139.5"
"Zach Charbonnet","RB","SEA","141.1","153.8","129.0","129.0","146.3","134.4","134.1","155.0","159.7","142.5"
"Tyler Allgeier","RB","ARI","148.0","168.9","130.0","147.7","140.5","137.7","129.1","139.6","145.6","143.0"
"Woody Marks","RB","HOU","165.4","152.6","132.4","139.3","141.9","136.6","138.7","143.7","141.7","143.6"
"Rashid Shaheed","WR","SEA","157.6","159.1","128.5","143.0","144.2","144.3","149.2","141.1","133.9","144.5"
"Brenton Strange","TE","JAX","150.5","167.8","128.7","137.8","155.3","124.7","148.6","153.5","149.3","146.2"
"Oronde Gadsden","TE","LAC","115.7","170.0","126.4","154.9","151.5","156.4","135.0","147.4","168.7","147.3"
"Keaton Mitchell","RB","LAC","181.7","169.9","132.4","151.2","136.4","112.7","164.3","151.4","130.6","147.8"
"Malik Willis","QB","MIA","190.5","167.0","124.9","147.0","142.6","175.2","119.3","144.4","134.7","149.5"
"Eagles","DST","PHI","125.0","134.8","123.3","126.9","163.0","","187.6","188.4","","149.8"
"Juwan Johnson","TE","NO","188.3","164.3","129.6","145.3","158.9","121.9","144.1","153.4","150.7","150.7"
"Denzel Boston","WR","CLE","162.2","166.6","130.9","151.6","159.6","139.4","156.2","156.2","140.5","151.5"
"Chig Okonkwo","TE","WAS","169.6","169.5","126.4","156.9","159.5","121.5","160.8","160.9","144.5","152.2"
"Hunter Henry","TE","NE","132.2","143.0","128.0","155.0","207.1","140.6","153.9","166.1","153.0","153.2"
"Tyjae Spears","RB","TEN","170.2","166.0","133.0","142.9","148.4","140.6","158.4","162.7","157.4","153.3"
"Alvin Kamara","RB","NO","159.7","156.6","126.2","131.9","155.1","151.1","168.6","175.3","161.7","154.0"
"Jonah Coleman","RB","DEN","167.4","170.2","131.0","158.4","183.2","126.5","151.3","151.2","151.2","154.5"
"De'Zhaun Stribling","WR","SF","174.4","162.8","127.2","136.2","149.0","108.4","217.1","209.5","125.5","156.7"
"Isiah Pacheco","RB","DET","185.6","159.8","126.4","139.8","152.3","164.8","160.3","166.1","170.3","158.4"
"Kenyon Sadiq","TE","NYJ","143.1","140.3","129.9","161.5","183.9","151.4","164.1","173.4","179.8","158.6"
"Ricky Pearsall","WR","SF","244.4","169.9","114.6","","","","119.2","146.3","","158.9"
"T.J. Hockenson","TE","MIN","163.4","133.6","129.9","163.4","166.1","152.3","170.2","184.8","170.6","159.4"
"Dylan Sampson","RB","CLE","191.2","170.9","130.4","152.7","160.2","148.9","156.4","160.3","174.3","160.6"
"Jalen Nailor","WR","LV","183.8","170.3","130.3","153.1","166.8","159.3","168.3","166.9","147.4","160.7"
"Steelers","DST","PIT","161.1","115.1","135.0","142.4","186.2","","192.4","195.9","","161.2"
"Patriots","DST","NE","143.8","149.2","126.9","145.1","183.0","","193.9","187.2","","161.3"
"Tank Bigsby","RB","PHI","183.8","168.3","130.8","157.7","166.5","134.7","183.4","180.9","151.3","161.9"
"Jalen McMillan","WR","TB","196.2","167.9","129.8","","166.2","163.9","162.1","157.8","156.1","162.5"
"Vikings","DST","MIN","151.7","168.5","131.1","131.9","183.1","","187.4","195.7","","164.2"
"Brian Robinson","RB","ATL","147.0","166.4","123.1","156.8","172.0","163.3","182.3","184.0","186.2","164.6"
"Ravens","DST","BAL","135.5","131.7","137.4","148.7","190.9","","202.9","206.0","","164.7"
"Omar Cooper","WR","NYJ","172.1","170.8","130.8","162.2","160.8","198.3","171.0","175.2","156.3","166.4"
"Jauan Jennings","WR","MIN","191.7","170.5","127.8","163.9","150.2","232.2","152.8","161.2","162.9","168.1"
"Tre Tucker","WR","LV","205.8","168.3","","154.6","159.5","173.0","162.7","167.4","157.0","168.5"
"Dalton Schultz","TE","HOU","193.8","167.8","129.0","157.8","192.0","163.6","165.8","186.0","168.7","169.4"
"Daniel Jones","QB","IND","204.5","159.5","128.5","146.0","208.6","261.1","135.2","161.1","146.1","172.3"
"Sam Darnold","QB","SEA","175.6","162.6","123.1","136.9","290.7","247.6","126.2","147.7","142.4","172.5"
"C.J. Stroud","QB","HOU","187.6","166.1","125.8","153.3","204.2","298.3","122.8","153.3","145.6","173.0"
"Jaguars","DST","JAC","171.9","167.4","137.0","157.8","190.4","","198.6","193.5","","173.8"
"Travis Hunter","WR","JAX","164.9","119.0","126.7","","257.4","191.5","188.6","196.4","149.7","174.3"
"Terrance Ferguson","TE","LAR","210.5","166.2","126.2","","160.4","123.2","222.6","221.5","170.0","175.1"
"Chargers","DST","LAC","179.3","163.2","138.9","152.0","198.5","","204.5","199.7","","176.6"
"AJ Barner","TE","SEA","186.2","169.0","126.2","169.9","213.7","173.2","181.2","198.7","178.2","177.4"
"Tre' Harris","WR","LAC","212.2","171.0","","","184.0","158.7","185.4","174.4","160.0","178.0"
"Mike Washington","RB","LV","203.9","169.8","128.8","162.4","239.2","160.4","184.5","187.9","181.1","179.8"
"MarShawn Lloyd","RB","GB","223.2","170.7","132.1","157.6","228.2","115.7","222.6","215.1","159.3","180.5"
"Lions","DST","DET","151.1","151.5","137.1","151.0","232.5","","224.3","233.6","","183.0"
"Malik Washington","WR","MIA","199.6","170.3","","","178.5","182.2","191.0","196.2","172.5","184.3"
"Fernando Mendoza","QB","LV","177.2","166.7","120.8","","272.0","","172.7","206.9","185.4","185.9"
"Jaydon Blue","RB","DAL","233.6","170.4","127.8","","207.5","145.3","216.8","214.5","171.7","185.9"
"Jerry Jeudy","WR","CLE","194.7","163.8","","156.6","207.3","215.7","176.4","181.6","193.6","186.2"
"Cam Ward","QB","TEN","206.4","168.5","125.7","","211.7","343.9","132.1","156.2","150.8","186.9"
"Greg Dulcich","TE","MIA","234.6","170.3","132.3","164.3","219.7","155.4","204.9","216.1","186.1","187.1"
"Tank Dell","WR","HOU","178.0","169.3","","139.7","201.1","199.0","224.2","226.8","180.6","189.8"
"Emmett Johnson","RB","KC","197.9","170.0","","","247.6","173.5","163.9","171.2","205.7","190.0"
"Aaron Rodgers","QB","PIT","229.9","169.1","116.5","","254.4","","174.2","206.4","181.1","190.2"
"Isaac TeSlaa","WR","DET","211.8","170.3","126.2","","176.7","278.7","193.4","186.8","183.2","190.9"
"Ryan Flournoy","WR","DAL","236.0","170.5","","","181.5","187.4","203.6","192.3","165.3","190.9"
"Braelon Allen","RB","NYJ","215.5","170.6","","161.6","186.5","169.6","210.7","211.9","202.7","191.1"
"Packers","DST","GB","202.8","168.2","137.7","162.8","225.8","","214.5","230.4","","191.7"
"Adonai Mitchell","WR","NYJ","218.8","169.9","","","216.2","179.8","193.2","197.1","171.9","192.4"
"James Conner","RB","ARI","214.7","170.4","126.3","165.6","210.2","222.1","191.4","221.1","215.2","193.0"
"Israel Abanikanda","RB","DAL","","169.9","","","","","","","216.0","193.0"
"Kaden Wetjen","WR","PIT","","169.9","","","","","","","216.0","193.0"
"Brevyn Spann-Ford","TE","DAL","","169.9","","","","","","","216.0","193.0"
"Ray-Ray McCloud III","WR","CHI","","169.9","","","","","","","216.0","193.0"
"Taylen Green","QB","CLE","","170.0","","","","","","","216.0","193.0"
"Nate Boerkircher","TE","JAX","","170.0","","","","","","","216.0","193.0"
"Sincere McCormick","RB","SF","","170.0","","","","","","","216.0","193.0"
"Kaden Davis","WR","CHI","","170.0","","","","","","","216.0","193.0"
"Jack Endries","TE","CIN","","170.0","","","","","","","216.0","193.0"
"D'Onta Foreman","RB","FA","","170.0","","","","","","","216.0","193.0"
"Chiefs","DST","KC","208.0","163.0","134.8","167.2","234.8","","220.1","236.8","","195.0"
"Bryce Young","QB","CAR","228.3","168.8","123.1","","219.5","338.3","138.1","181.8","163.5","195.2"
"Bears","DST","CHI","223.5","169.1","128.1","162.7","256.4","","211.9","223.4","","196.4"
"Bills","DST","BUF","221.9","168.8","131.2","162.9","245.5","","217.8","234.6","","197.5"
"Browns","DST","CLE","266.6","153.4","134.7","165.9","242.6","","203.6","221.1","","198.3"
"Kimani Vidal","RB","LAC","239.2","170.6","","","193.9","186.4","197.0","198.9","203.6","198.5"
"Ray Davis","RB","BUF","237.6","170.8","","","207.5","156.4","219.2","211.6","187.8","198.7"
"Dontayvion Wicks","WR","PHI","","170.9","","","222.1","187.2","223.9","226.7","165.5","199.4"
"Falcons","DST","ATL","228.4","170.2","133.7","155.2","254.7","","220.4","236.5","","199.9"
"Pat Freiermuth","TE","PIT","239.9","168.8","124.8","","236.1","192.2","208.5","234.2","195.3","200.0"
"Ja'Kobi Lane","WR","BAL","175.7","166.8","","157.7","264.9","176.9","238.9","266.8","169.1","202.1"
"Geno Smith","QB","NYJ","","170.4","","","274.6","","173.5","208.9","191.7","203.8"
"Nick Singleton","RB","TEN","195.2","170.4","","","265.8","190.6","200.6","204.7","206.0","204.8"
"Gunnar Helm","TE","TEN","235.4","170.3","","","249.9","182.9","189.5","217.8","191.5","205.3"
"Jordan James","RB","SF","","170.8","","158.9","245.4","184.8","228.9","237.9","214.0","205.8"
"Justice Hill","RB","BAL","","170.8","","166.6","207.4","209.1","231.2","252.3","213.9","207.3"
"Cowboys","DST","DAL","198.1","166.3","128.5","","270.4","","230.9","251.0","","207.5"
"Tyreek Hill","WR","FA","209.5","169.8","131.7","","258.9","","215.6","251.7","215.6","207.5"
"Cade Otton","TE","TB","215.7","170.3","","165.8","242.0","237.6","206.3","229.0","192.9","207.5"
"Ramel Keyton","WR","FA","247.0","170.0","","","","","","","","208.5"
"49ers","DST","SF","222.8","168.6","128.1","","253.5","","234.0","246.2","","208.9"
"Kaelon Black","RB","SF","","170.6","","164.1","269.0","181.6","232.2","233.6","211.1","208.9"
"Cyrus Allen","WR","KC","199.2","169.6","","","262.6","167.3","237.8","256.6","177.9","210.1"
"Giants","DST","NYG","231.7","169.4","130.2","","269.9","","221.2","241.0","","210.6"
"Cooper Kupp","WR","SEA","226.7","168.9","119.5","162.7","231.1","325.6","221.0","241.5","211.5","212.1"
"David Njoku","TE","LAC","207.1","169.7","124.9","","256.9","273.4","213.8","241.7","212.4","212.5"
"Kaytron Allen","RB","WAS","239.1","170.5","","","262.5","193.2","205.2","205.1","211.9","212.5"
"J.J. Taylor","RB","FA","256.0","170.0","","","","","","","","213.0"
"Kayshon Boutte","WR","NE","219.5","170.7","","","225.8","267.5","197.1","211.5","202.9","213.6"
"Brandon Aiyuk","WR","SF","251.4","170.3","","","211.9","","203.6","228.4","216.0","213.6"
"Mike Boone","RB","FA","258.5","170.0","","","","","","","","214.2"
"Sean Tucker","RB","TB","243.9","170.3","","","242.6","220.8","209.3","213.6","199.4","214.3"
"Zachariah Branch","WR","ATL","189.7","170.7","","","229.3","269.3","231.1","226.6","185.7","214.6"
"Calvin Ridley","WR","TEN","253.2","167.9","","166.5","209.1","276.3","218.2","230.8","197.5","214.9"
"Keenan Allen","WR","IND","233.2","169.8","","","139.6","261.8","236.4","263.6","206.5","215.8"
"Dean Conners","RB","","","","","","","","","","216.0","216.0"
"Hakeem Butler","WR","DEN","","","","","","","","","216.0","216.0"
"Seth Henigan","QB","","","","","","","","","","216.0","216.0"
"Jalin Conyers","TE","","","","","","","","","","216.0","216.0"
"Jacob Harris","WR","","","","","","","","","","216.0","216.0"
"Brian Hill","RB","","","","","","","","","","216.0","216.0"
"DeAngelo Hardy","WR","","","","","","","","","","216.0","216.0"
"Matt LaCosse","TE","","","","","","","","","","216.0","216.0"
"Saints","DST","NO","244.6","170.0","","157.9","264.2","","223.4","238.3","","216.4"
"MyCole Pruitt","TE","FA","263.0","170.0","","","","","","","","216.5"
"Antonio Williams","WR","WAS","217.8","170.9","","","219.8","297.3","201.8","202.0","211.9","217.3"
"George Holani","RB","SEA","","170.3","","","251.9","202.5","230.0","237.7","212.3","217.5"
"Pat Bryant","WR","DEN","230.4","170.6","","","281.5","180.4","231.3","254.5","174.6","217.6"
"Tua Tagovailoa","QB","ATL","236.5","170.1","","","269.4","","198.1","226.5","210.2","218.5"
"JuJu Smith-Schuster","WR","NYG","","169.9","","","","","","273.1","216.0","219.6"
"Josh Oliver","TE","MIN","","169.9","","","","","","273.1","216.0","219.7"
"Darius Cooper","WR","PHI","","169.9","","","","","","273.2","216.0","219.7"
"Jimmy Horn Jr.","WR","CAR","","170.0","","","","","","273.3","215.9","219.7"
"Sam Roush","TE","CHI","","170.0","","","","","","273.1","216.0","219.7"
"KeAndre Lambert-Smith","WR","LAC","","170.0","","","","","","273.2","216.0","219.7"
"Barion Brown","WR","NO","","170.0","","","","","","273.1","215.9","219.7"
"Mitch Tinsley","WR","CIN","","170.0","","","","","","273.1","216.0","219.7"
"Carson Wentz","QB","MIN","","170.0","","","","","","273.1","216.0","219.7"
"Mitch Evans","TE","CAR","","170.0","","","","","","273.2","216.0","219.7"
"Khalil Herbert","RB","FA","","170.0","","","","","","273.2","216.0","219.7"
"Jordan Watkins","WR","SF","","170.0","","","","","","273.2","216.0","219.7"
"Theo Wease Jr.","WR","MIA","","170.0","","","","","","273.1","216.0","219.7"
"Sam Howell","QB","DAL","","170.0","","","","","","273.3","216.0","219.8"
"Isaiah Williams","WR","NYJ","","170.0","","","","","","273.4","216.0","219.8"
"Sione Vaki","RB","DET","","170.0","","","","","","273.4","216.0","219.8"
"Lan Larison","RB","NE","","170.0","","","","","","273.3","216.0","219.8"
"Dyami Brown","WR","WSH","","170.0","","","","","","273.4","216.0","219.8"
"Elijah Higgins","TE","ARI","","169.9","","","","","","273.6","216.0","219.9"
"Efton Chism III","WR","NE","","169.9","","","","","","273.6","216.0","219.9"
"Noah Fant","TE","NO","","169.9","","","","","","273.7","216.0","219.9"
"Taysom Hill","TE","FA","","169.9","","","","","","273.8","216.0","219.9"
"Jacoby Brissett","QB","ARI","243.0","170.1","","","241.3","336.1","159.4","191.5","198.4","220.0"
"Quinn Ewers","QB","MIA","","169.9","","","","","","273.9","216.0","220.0"
"Jarrett Stidham","QB","DEN","","170.0","","","","","","274.5","216.0","220.2"
"Savion Williams","WR","GB","","170.2","","","","","","274.5","215.9","220.2"
"KaVontae Turpin","WR","DAL","","169.9","","","","","","275.1","215.9","220.3"
"Colbie Young","WR","CIN","","169.9","","","","","","275.0","215.9","220.3"
"Joe Mixon","RB","FA","204.6","170.0","","","","","238.9","273.6","216.0","220.6"
"Joe Milton III","QB","DAL","","169.9","","","","","","275.8","216.0","220.6"
"Demond Claiborne","RB","MIN","242.0","170.4","","","279.8","179.6","233.6","227.1","214.6","221.0"
"Philip Rivers","QB","IND","","169.6","","","","","","273.1","","221.3"
"Jonnu Smith","TE","FA","","170.0","","","","","","277.9","216.0","221.3"
"Albert Okwuegbunam Jr.","TE","LV","","170.0","","","","","","272.9","","221.4"
"Myles Price","WR","MIN","","169.9","","","","","","273.1","","221.5"
"Stetson Bennett IV","QB","LAR","","169.9","","","","","","273.1","","221.5"
"Jake Bobo","WR","SEA","","169.9","","","","","","273.1","","221.5"
"Tim Patrick","WR","NYJ","","169.9","","","","","","273.1","","221.5"
"AJ Dillon","RB","CAR","","170.0","","","","","","273.1","","221.5"
"Will Levis","QB","TEN","","170.0","","","","","","273.1","","221.5"
"Drew Sample","TE","CIN","","170.0","","","","","","273.1","","221.5"
"Durham Smythe","TE","BAL","","170.0","","","","","","273.1","","221.5"
"Arian Smith","WR","NYJ","","170.0","","","","","","273.1","","221.5"
"Jeremy Ruckert","TE","NYJ","","170.0","","","","","","273.1","","221.5"
"Devin Duvernay","WR","ARI","","170.0","","","","","","273.1","","221.5"
"Jeremy McNichols","RB","WSH","","170.0","","","","","","273.0","","221.5"
"Isaiah Hodgins","WR","NYG","","170.0","","","","","","273.0","","221.5"
"Jalin Hyatt","WR","NYG","","170.0","","","","","","272.9","","221.5"
"Raheem Mostert","RB","FA","","170.0","","","","","","273.1","","221.5"
"Tanner McKee","QB","PHI","","170.0","","","","","","273.2","","221.6"
"Mason Rudolph","QB","PIT","","170.0","","","","","","273.1","","221.6"
"Frank Gore Jr.","RB","BUF","","170.0","","","","","","273.2","","221.6"
"Derek Carr","QB","NO","","170.0","","","","","","273.2","","221.6"
"Tyler Badie","RB","DEN","","170.1","","","","","","273.1","","221.6"
"Jam Miller","RB","NE","","170.0","","","","","","273.4","","221.7"
"Spencer Rattler","QB","NO","","169.9","","","","","","273.7","","221.8"
"Jaleel McLaughlin","RB","DEN","","170.0","","","","","","273.5","","221.8"
"Jacob Cowing","WR","SF","","170.0","","","","","","273.6","","221.8"
"Damien Martinez","RB","GB","","170.0","","","","","","273.6","","221.8"
"Bam Knight","RB","ARI","","170.1","","","","","","273.6","","221.8"
"Teddy Bridgewater","QB","DET","","169.9","","","","","","273.9","","221.9"
"Junior Bergen","WR","FA","274.0","170.0","","","","","","","","222.0"
"Austin Ekeler","RB","FA","","170.0","","","","","","274.1","","222.0"
"Rasheen Ali","RB","BAL","","170.1","","","","","","273.9","","222.0"
"Tommy DeVito","QB","NE","","169.9","","","","","","274.5","","222.2"
"Tommy Tremble","TE","CAR","","169.9","","","","","","274.6","","222.2"
"Nick Mullens","QB","JAX","","170.0","","","","","","274.6","","222.3"
"Caleb Douglas","WR","MIA","","169.8","","","274.1","198.3","239.3","268.5","188.3","223.0"
"Hollywood Brown","WR","PHI","","169.9","","","","","236.8","270.8","215.9","223.4"
"Mecole Hardman","WR","BUF","277.0","170.0","","","","","","","","223.5"
"Devin Neal","RB","NO","211.9","170.0","","","","","240.5","280.5","216.0","223.8"
"Seydou Traore","TE","MIA","279.5","170.0","","","","","","","","224.7"
"Audric Estime","RB","NO","237.4","170.0","","","","","","276.1","216.0","224.9"
"Nick Chubb","RB","FA","","169.9","","","","","240.9","273.3","216.0","225.0"
"Jahdae Walker","WR","CHI","","169.9","","","","","241.0","273.4","215.9","225.0"
"Jalen Milroe","QB","SEA","","170.0","","","","","241.0","273.0","216.0","225.0"
"Deion Burks","WR","IND","","170.0","","","","","240.6","273.5","216.0","225.0"
"Kendre Miller","RB","NO","224.8","170.2","","","","","240.6","274.1","216.0","225.1"
"Cade Klubnik","QB","NYJ","","169.9","","","","","241.0","273.4","216.0","225.1"
"Kenneth Pickett","QB","CAR","","169.9","","","","","241.0","273.6","216.0","225.1"
"CJ Daniels","WR","LAR","","170.0","","","","","240.9","273.6","216.0","225.1"
"Ashton Dulin","WR","IND","","170.1","","","","","240.9","273.4","216.0","225.1"
"Will Howard","QB","PIT","","169.9","","","","","240.8","274.4","216.0","225.3"
"Jalen Royals","WR","KC","","170.0","","","","","240.7","274.4","216.0","225.3"
"Cedric Tillman","WR","CLE","","170.0","","","","","241.0","274.8","216.0","225.4"
"Ben Sinnott","TE","WSH","","170.0","","","","","241.0","274.8","216.0","225.4"
"Jarquez Hunter","RB","LAR","240.6","170.0","","","","","","275.3","216.0","225.5"
"Kalif Raymond","WR","CHI","","169.9","","","","","241.0","275.1","216.0","225.5"
"Phil Mafah","RB","DAL","","170.0","","","","","241.0","274.9","216.0","225.5"
"Isaac Guerendo","RB","SF","","170.1","","","","","240.9","275.7","216.0","225.7"
"Brenen Thompson","WR","LAC","","170.0","","","","","240.9","276.7","215.9","225.9"
"Eli Heidenreich","RB","PIT","","170.0","","","","","240.9","276.7","216.0","225.9"
"Jerome Ford","RB","WSH","","170.0","","","","","241.0","276.8","216.0","225.9"
"Tyson Bagent","QB","CHI","","169.9","","","","","241.0","277.0","216.0","226.0"
"Tanner Koziol","TE","JAX","","170.0","","","292.1","","","","216.0","226.0"
"Mo Alie-Cox","TE","IND","","169.9","","","292.4","","","","216.0","226.1"
"Calvin Austin III","WR","NYG","","169.9","","","","","241.0","277.6","216.0","226.1"
"Bryce Lance","WR","NO","","170.0","","","","","240.9","277.6","215.9","226.1"
"Will Kacmarek","TE","MIA","","170.0","","","292.2","","","","216.0","226.1"
"Marlin Klein","TE","HOU","","170.0","","","292.3","","","","216.0","226.1"
"Jake Tonges","TE","SF","241.4","170.5","","","274.1","213.9","227.5","241.4","215.3","226.3"
"Kirk Cousins","QB","LV","","169.9","","","265.3","","227.0","254.9","215.3","226.5"
"Tony Richardson Sr.","QB","IND","","170.0","","","","","241.0","279.5","216.0","226.6"
"Colts","DST","IND","219.0","170.1","","","264.5","","230.8","249.5","","226.8"
"Carson Steele","RB","PHI","284.0","170.0","","","","","","","","227.0"
"Tez Johnson","WR","TB","","170.0","","","","","240.9","281.1","216.0","227.0"
"Mike Trigg","TE","DAL","249.7","170.0","","","","","","273.2","216.0","227.2"
"Ted Hurst","WR","TB","239.6","170.3","","","255.1","230.3","237.4","261.4","199.4","227.6"
"Dillon Gabriel","QB","CLE","","170.0","","","","","240.9","272.9","","227.9"
"Mitch Trubisky","QB","TEN","","170.0","","","","","241.0","273.1","","228.0"
"Mike Penix","QB","ATL","227.9","170.1","","","274.6","","227.2","256.0","215.5","228.6"
"Davis Mills","QB","HOU","","170.0","","","","","241.0","274.9","","228.6"
"Zach Ertz","TE","FA","","170.0","","","","","241.0","275.4","","228.8"
"Rashod Bateman","WR","BAL","232.7","170.9","","161.0","257.8","313.5","236.3","259.1","203.8","229.4"
"Colby Parkinson","TE","LAR","251.4","170.4","","","247.2","288.8","204.8","232.4","211.6","229.5"
"Deshaun Watson","QB","CLE","","170.0","","","278.6","","226.1","259.5","214.9","229.8"
"Malachi Fields","WR","NYG","227.0","169.9","","","264.0","284.6","218.9","244.3","201.6","230.1"
"Shedeur Sanders","QB","CLE","236.1","169.5","","","273.3","","229.7","260.4","214.7","230.6"
"Buccaneers","DST","TB","232.4","169.6","","","264.0","","236.8","256.5","","231.9"
"Jaylin Noel","WR","HOU","213.7","170.8","","","285.8","","236.5","269.6","215.6","232.0"
"Emanuel Wilson","RB","SEA","250.3","170.2","","","239.3","337.5","195.5","215.5","215.9","232.0"
"Athan Kaliakmanis","QB","WAS","294.0","170.0","","","","","","","","232.0"
"Seth McGowan","RB","IND","","170.2","","","291.4","201.8","240.4","274.1","215.3","232.2"
"Chimere Dike","WR","TEN","229.4","170.2","","","291.5","","226.7","261.2","215.9","232.5"
"Mason Taylor","TE","NYJ","224.3","170.0","","","279.6","","234.2","271.7","215.6","232.6"
"Payne Durham","TE","TB","314.0","170.0","","","","","","","216.0","233.3"
"Evan Engram","TE","DEN","","170.0","","","256.9","265.5","234.9","261.2","213.3","233.6"
"Troy Franklin","WR","DEN","241.8","170.5","","","236.7","343.3","211.3","225.7","214.9","234.9"
"Panthers","DST","CAR","238.4","169.7","","","281.1","","233.5","253.6","","235.3"
"Jaylen Wright","RB","MIA","247.9","170.4","","","263.8","274.4","232.8","243.8","215.5","235.5"
"J.J. McCarthy","QB","MIN","224.2","169.6","","","287.2","","238.7","278.6","216.0","235.7"
"Kaleb Johnson","RB","PIT","217.5","170.1","","","290.4","","241.0","281.5","216.0","236.1"
"Marvin Mims","WR","DEN","219.5","170.1","","","286.7","","240.9","283.9","215.9","236.2"
"Elic Ayomanor","WR","TEN","241.5","170.0","","","285.0","","233.9","271.1","215.8","236.2"
"Theo Johnson","TE","NYG","232.2","170.3","","","290.8","","237.5","271.3","215.9","236.3"
"Kyle Williams","WR","NE","222.1","169.9","","","291.1","","239.4","280.3","216.0","236.5"
"Darnell Mooney","WR","NYG","249.2","170.7","","","219.9","343.6","226.4","234.3","213.9","236.8"
"Devontez Walker","WR","BAL","","170.0","","","281.2","","240.8","275.9","216.0","236.8"
"Carson Beck","QB","ARI","","169.7","","","287.9","","235.7","276.2","214.8","236.9"
"Chris Brooks","RB","GB","","170.2","","","286.2","","238.6","273.2","216.0","236.9"
"Germie Bernard","WR","PIT","231.3","170.6","","","257.0","315.7","231.6","255.2","200.3","237.4"
"Elijah Sarratt","WR","BAL","229.2","170.0","","","291.5","","239.7","280.6","214.8","237.6"
"Konata Mumpfield","WR","LAR","","170.0","","","291.5","","","273.4","216.0","237.7"
"Mac Jones","QB","SF","","169.9","","","289.2","","238.0","275.8","216.0","237.8"
"Jaylin Lane","WR","WSH","","170.0","","","291.9","","","273.4","216.0","237.8"
"Jackson Hawes","TE","BUF","327.7","170.0","","","","","","","216.0","237.9"
"Raheim Sanders","RB","CLE","","170.0","","","292.2","","","273.4","216.0","237.9"
"Will Shipley","RB","PHI","","170.1","","","291.6","","","273.8","216.0","237.9"
"Jawhar Jordan","RB","HOU","","170.1","","","291.4","","","273.9","216.0","237.9"
"Dont'e Thornton Jr.","WR","LV","","170.0","","","292.4","","","273.7","216.0","238.0"
"Xavier Hutchinson","WR","HOU","","170.0","","","292.5","","","273.8","216.0","238.1"
"Andrei Iosivas","WR","CIN","","170.2","","","285.9","","240.2","279.5","215.4","238.2"
"Josh Palmer","WR","BUF","","169.9","","","290.3","","","277.1","215.8","238.3"
"John Metchie III","WR","CAR","","170.0","","","290.6","","241.0","273.8","216.0","238.3"
"Nick Westbrook-Ikhine","WR","IND","","170.1","","","292.1","","","275.2","215.9","238.3"
"Trevor Etienne","RB","CAR","","170.0","","","292.1","","","275.6","215.9","238.4"
"Luke Musgrave","TE","GB","","169.9","","","292.2","","240.8","273.8","216.0","238.5"
"Kevin Coleman Jr.","WR","MIA","","170.0","","","291.9","","241.0","273.8","216.0","238.5"
"Treylon Burks","WR","WSH","","170.0","","","292.2","","","275.9","216.0","238.5"
"Ty Johnson","RB","BUF","","170.4","","","289.4","","240.3","276.6","216.0","238.5"
"Zavion Thomas","WR","CHI","","169.9","","","292.5","","","276.3","215.8","238.6"
"Kareem Hunt","RB","FA","","170.0","","","291.6","","239.4","276.6","216.0","238.7"
"Justin Joly","TE","DEN","","170.0","","","292.2","","","276.8","216.0","238.8"
"Justin Fields","QB","KC","","169.9","","","289.8","","238.5","280.1","216.0","238.9"
"Luke McCaffrey","WR","WSH","","169.9","","","291.5","","240.8","276.2","216.0","238.9"
"Darnell Washington","TE","PIT","","169.4","","","289.1","","240.4","281.6","215.4","239.2"
"Samaje Perine","RB","CIN","","170.8","","","274.3","263.3","239.1","272.9","215.2","239.3"
"Skyler Bell","WR","BUF","","169.9","","","289.8","","240.8","280.5","215.9","239.4"
"DeMario Douglas","WR","NE","","170.1","","","291.2","","241.0","279.7","215.6","239.5"
"Jahan Dotson","WR","ATL","","170.4","","","290.2","","239.5","281.7","215.8","239.5"
"Ty Simpson","QB","LAR","241.8","169.9","","","291.7","","239.7","278.8","216.0","239.6"
"Tutu Atwell","WR","MIA","","170.0","","","291.6","","240.9","279.6","216.0","239.6"
"Ollie Gordon II","RB","MIA","","170.4","","","282.9","253.3","240.7","274.7","215.8","239.6"
"Jameis Winston","QB","NYG","","169.9","","","291.0","","240.6","281.2","216.0","239.7"
"Marcus Mariota","QB","WSH","","170.0","","","291.2","","240.3","281.0","216.0","239.7"
"Oscar Delp","TE","NO","","170.0","","","292.1","","240.7","280.3","216.0","239.8"
"Joe Flacco","QB","CIN","","169.9","","","290.5","","240.5","282.4","216.0","239.9"
"Mack Hollins","WR","NE","","169.9","","","291.4","","240.5","281.6","216.0","239.9"
"Isaiah Bond","WR","CLE","","169.9","","","291.8","","240.9","281.0","215.9","239.9"
"Darius Slayton","WR","NYG","","170.3","","","287.9","","240.6","284.6","215.9","239.9"
"Dawson Knox","TE","BUF","","169.7","","","291.7","","240.6","282.1","215.8","240.0"
"Tyler Higbee","TE","LAR","","169.8","","","292.1","","240.9","281.8","216.0","240.1"
"Olamide Zaccheaus","WR","ATL","","170.0","","","291.6","","240.8","282.3","216.0","240.1"
"Ja'Tavion Sanders","TE","CAR","","169.9","","","292.2","","240.8","282.1","216.0","240.2"
"Devin Singletary","RB","NYG","","170.1","","","290.0","","241.0","284.0","216.0","240.2"
"Emari Demercado","RB","KC","","170.3","","","268.4","284.4","238.3","263.8","215.9","240.2"
"Xavier Legette","WR","CAR","","170.8","","","289.1","","240.9","285.2","215.4","240.3"
"Kendrick Bourne","WR","ARI","","170.0","","","292.7","","241.0","282.8","215.9","240.5"
"Noah Gray","TE","KC","","169.9","","","292.6","","","283.7","216.0","240.6"
"Commanders","DST","WAS","","169.6","","","282.2","","240.8","273.4","","241.5"
"Eli Raridon","TE","NE","","169.9","","","291.6","254.5","241.0","277.2","214.9","241.5"
"Eli Stowers","TE","PHI","238.0","169.9","","","274.9","302.6","232.6","259.0","214.8","241.7"
"Bengals","DST","CIN","241.2","169.8","","","289.1","","240.4","269.3","","242.0"
"Malik Williams","RB","","242.0","","","","","","","","","242.0"
"Tory Horton","WR","SEA","228.7","170.5","","","285.0","295.2","234.6","267.7","214.1","242.2"
"Najee Harris","RB","NYG","212.3","169.9","","","","337.6","240.6","279.9","215.9","242.7"
"Nate Sudfeld","QB","","243.0","","","","","","","","","243.0"
"Matt Hibner","TE","BAL","","170.0","","","","343.9","","","215.9","243.3"
"Manny Wilkins","QB","","244.0","","","","","","","","","244.0"
"Trey Lance","QB","LAC","","170.0","","","291.2","","241.0","274.5","","244.2"
"Jake Browning","QB","TB","","170.0","","","291.2","","241.0","274.4","","244.2"
"J'Mari Taylor","RB","JAX","","","","","","","","272.9","216.0","244.5"
"Haynes King","QB","CAR","","","","","","","","273.2","216.0","244.6"
"Tyler Huntley","QB","BAL","","170.0","","","291.1","","240.9","276.9","","244.7"
"Riley Leonard","QB","IND","","170.0","","","291.6","","","273.2","","244.9"
"Ra'Shaun Henry","WR","","245.0","","","","","","","","","245.0"
"Kyle Juszczyk","RB","SF","","169.9","","","292.2","","","273.2","","245.1"
"Andy Dalton","QB","PHI","","170.0","","","291.9","","","274.0","","245.3"
"Daniel Bellinger","TE","TEN","","170.0","","","292.2","","","274.5","","245.5"
"Mike Gesicki","TE","CIN","","170.3","","","254.3","328.9","237.3","270.9","211.4","245.5"
"Titans","DST","TEN","270.2","169.9","","","287.1","","238.6","262.3","","245.6"
"Darren Waller","TE","CAR","","170.2","","","289.8","289.7","240.9","275.2","208.2","245.7"
"Christian Kirk","WR","SF","241.7","170.1","","","272.7","343.5","233.3","244.6","215.7","245.9"
"Brett Gabbert","QB","","246.0","","","","","","","","","246.0"
"Trey Benson","RB","ARI","255.2","169.9","","","","336.8","231.5","268.0","216.0","246.2"
"Charlie Kolar","TE","LAC","","170.0","","","291.6","287.6","240.9","274.8","213.5","246.4"
"Sefo Liufau","QB","","247.0","","","","","","","","","247.0"
"Tanner McLachlan","TE","SF","325.0","170.0","","","","","","","","247.5"
"Erick All Jr.","TE","CIN","","170.0","","","","327.7","","276.3","215.8","247.5"
"Adam Randall","RB","BAL","","170.4","","","292.1","295.1","240.8","273.8","215.7","248.0"
"LeQuint Allen Jr.","RB","JAX","","170.4","","","283.3","310.2","239.8","269.4","215.7","248.1"
"Keon Coleman","WR","BUF","234.8","170.2","","","277.9","344.2","236.9","264.4","208.9","248.2"
"Raiders","DST","LV","279.3","169.7","","","284.4","","240.0","268.8","","248.4"
"Odell Beckham Jr.","WR","NYG","","169.2","","","","343.5","240.8","273.9","215.9","248.6"
"Malik Benson","WR","LV","","170.0","","","","334.3","","274.8","215.5","248.6"
"Nate Wieting","TE","","249.0","","","","","","","","","249.0"
"Lincoln Sefcik","TE","","249.0","","","","","","","","","249.0"
"Max Klare","TE","LAR","248.8","170.0","","","","342.5","241.0","276.9","216.0","249.2"
"Devaughn Vele","WR","NO","239.8","170.9","","","291.0","321.9","238.8","275.9","209.8","249.7"
"Chris Bell","WR","MIA","240.9","170.7","","","282.3","338.1","236.5","265.8","213.8","249.7"
"Luke Falk","QB","","250.3","","","","","","","","","250.3"
"Jack Bech","WR","LV","238.2","170.7","","","270.4","344.1","239.7","275.4","214.6","250.4"
"Mike Mayer","TE","LV","","170.3","","","287.9","309.3","240.0","280.6","214.3","250.4"
"Jacob Saylors","RB","DET","","170.0","","","","342.7","","273.2","216.0","250.5"
"Roschon Johnson","RB","CHI","","170.0","","","","343.8","","273.1","216.0","250.7"
"SaRodorick Thompson","RB","FA","332.0","170.0","","","","","","","","251.0"
"Cardinals","DST","ARI","273.0","169.7","","","292.4","","241.0","279.6","","251.1"
"Roman Wilson","WR","PIT","","169.9","","","","343.6","","274.9","215.9","251.1"
"Demarcus Robinson","WR","SF","","170.0","","","","343.9","","274.9","215.9","251.2"
"Kyle Shurmur","QB","","252.0","","","","","","","","","252.0"
"Jets","DST","NYJ","282.2","169.9","","","291.7","","240.6","276.6","","252.2"
"Brashard Smith","RB","KC","226.3","170.1","","","290.4","341.8","240.2","282.4","216.0","252.5"
"Derek Wright","WR","","253.0","","","","","","","","","253.0"
"Josh Adams","RB","","253.0","","","","","","","","","253.0"
"Elijah Arroyo","TE","SEA","","169.9","","","291.1","317.5","240.9","284.2","215.8","253.2"
"Drew Anderson","QB","","254.0","","","","","","","","","254.0"
"Gabe Marks","WR","","254.0","","","","","","","","","254.0"
"Tyquan Thornton","WR","KC","","170.3","","","288.9","336.8","238.9","276.3","213.6","254.1"
"Malik Davis","RB","DAL","","170.1","","","287.9","336.1","240.4","276.2","215.9","254.4"
"Jalen Tolbert","WR","MIA","","170.5","","","288.2","342.1","235.3","274.7","215.9","254.4"
"DJ Giddens","RB","IND","","170.2","","","285.8","335.4","240.8","279.1","215.9","254.5"
"Noah Short","WR","","255.0","","","","","","","","","255.0"
"Dolphins","DST","MIA","299.0","169.4","","","292.3","","240.8","274.9","","255.3"
"Spencer Brown","RB","","255.5","","","","","","","","","255.5"
"Isaiah Davis","RB","NYJ","","170.4","","","290.7","344.1","240.9","272.8","215.9","255.8"
"Marquis Young","RB","","256.0","","","","","","","","","256.0"
"Javon Baker","WR","FA","342.0","170.0","","","","","","","","256.0"
"Cole Kmet","TE","CHI","","169.7","","","287.8","337.8","240.8","284.4","215.9","256.1"
"Jordan Whittington","WR","LAR","","169.9","","","292.2","344.1","240.9","274.2","215.9","256.2"
"Eric Dungey","QB","","257.0","","","","","","","","","257.0"
"Ben Sims","TE","MIA","344.0","170.0","","","","","","","","257.0"
"Greg Dortch","WR","DET","","170.0","","","291.6","342.7","","274.1","215.9","258.9"
"Trevon Clark","WR","","259.0","","","","","","","","","259.0"
"Matt Seybert","TE","","259.0","","","","","","","","","259.0"
"DeShon Williams","TE","","260.0","","","","","","","","","260.0"
"John FitzPatrick","TE","FA","350.3","170.0","","","","","","","","260.1"
"Tahj Brooks","RB","CIN","","170.2","","","291.8","342.4","","281.0","216.0","260.3"
"Chamon Metayer","TE","","260.5","","","","","","","","","260.5"
"Jalen Morton","QB","IND","261.0","","","","","","","","","261.0"
"Tyree Mayfield","TE","","261.0","","","","","","","","","261.0"
"Reggie White","WR","","262.0","","","","","","","","","262.0"
"Jalen Hurd","WR","","262.0","","","","","","","","","262.0"
"Trayone Gray","RB","","263.0","","","","","","","","","263.0"
"Vyncint Smith","WR","","263.0","","","","","","","","","263.0"
"Mike White","QB","FA","356.5","170.0","","","","","","","","263.2"
"AJ McCarron","QB","","263.5","","","","","","","","","263.5"
"Trenton Cannon","RB","","264.0","","","","","","","","","264.0"
"Thayer Thomas","WR","","264.0","","","","","","","","","264.0"
"Chase Daniel","QB","","265.0","","","","","","","","","265.0"
"Josh Babicz","TE","","266.0","","","","","","","","","266.0"
"Drew Estrada","WR","","267.0","","","","","","","","","267.0"
"Easton Stick","QB","IND","364.8","170.0","","","","","","","","267.4"
"Devin Gray","WR","","268.0","","","","","","","","","268.0"
"Laquon Treadwell","WR","IND","367.0","170.0","","","","","","","","268.5"
"Marcedes Lewis","TE","FA","370.3","170.0","","","","","","","","270.1"
"Mante Morrow","WR","","270.5","","","","","","","","","270.5"
"Antoine Green","WR","FA","371.0","170.0","","","","","","","","270.5"
"Brian Lewerke","QB","","271.5","","","","","","","","","271.5"
"Deontay Burnett","WR","","271.5","","","","","","","","","271.5"
"Mike Weber","RB","","272.0","","","","","","","","","272.0"
"Tyrell Shavers","WR","BUF","375.6","170.0","","","","","","","","272.8"
"Jayden Ott","RB","FA","","","","","","","","273.2","","273.2"
"D'Eriq King","QB","","273.8","","","","","","","","","273.8"
"Alonzo Moore","WR","","275.0","","","","","","","","","275.0"
"Davis Webb","QB","","275.0","","","","","","","","","275.0"
"Elijah Tau-Tolliver","RB","BAL","276.0","","","","","","","","","276.0"
"Mathieu Severance","RB","","279.0","","","","","","","","","279.0"
"Baylor Cupp","TE","ARI","389.6","170.0","","","","","","","","279.8"
"Jacob Dolegala","QB","","281.0","","","","","","","","","281.0"
"Travis Homer","RB","PIT","392.0","170.0","","","","","","","","281.0"
"Cam Johnson","WR","","282.0","","","","","","","","","282.0"
"Kedon Slovis","QB","ARI","395.0","170.0","","","","","","","","282.5"
"Austin Stogner","TE","","283.0","","","","","","","","","283.0"
"Graham Adomitis","TE","","285.0","","","","","","","","","285.0"
"CJ Dippre","TE","NE","401.0","170.0","","","","","","","","285.5"
"Marquise Brown","WR","PHI","","","","","285.7","","","","","285.7"
"Jaxon Janke","WR","","286.5","","","","","","","","","286.5"
"Sal Cannella","TE","FA","404.8","169.9","","","","","","","","287.3"
"Lorenzo Lingard","RB","","287.5","","","","","","","","","287.5"
"Malcolm Epps","TE","","287.5","","","","","","","","","287.5"
"David Sills","WR","TB","405.0","170.0","","","","","","","","287.5"
"Rob Henry","RB","WAS","426.3","","","","","","240.9","273.1","216.0","289.1"
"Damarea Crockett","RB","","290.0","","","","","","","","","290.0"
"Louis Rees-Zammit","RB","FA","410.3","170.0","","","","","","","","290.1"
"Mike Wortham","WR","JAX","291.0","","","","","","","","","291.0"
"Austin Hooper","TE","ATL","430.0","170.0","","","","","","273.2","","291.1"
"Hunter Renfrow","WR","FA","414.7","170.0","","","","","","","","292.3"
"Jacob Warren","TE","","292.4","","","","","","","","","292.4"
"Cordarrelle Patterson","RB","FA","418.7","170.0","","","","","","","","294.3"
"Bryce Oliver","WR","TEN","420.0","170.0","","","","","","","","295.0"
"Jordan Thomas","TE","","295.3","","","","","","","","","295.3"
"Wilton Speight","QB","","296.0","","","","","","","","","296.0"
"Seth Green","TE","","297.0","","","","","","","","","297.0"
"Noah Brown","WR","LV","510.5","170.0","","","","","","","216.0","298.8"
"Tyler Eifert","TE","","299.0","","","","","","","","","299.0"
"Julian Williams","WR","","302.5","","","","","","","","","302.5"
"Eldridge Massington","WR","NO","303.0","","","","","","","","","303.0"
"Cedrick Wilson","WR","DET","524.3","170.0","","","","","","","216.0","303.4"
"Rivaldo Fairweather","TE","ARI","304.0","","","","","","","","","304.0"
"Jalen Reagor","WR","MIA","442.0","170.0","","","","","","","","306.0"
"Kenneth McIntosh","RB","FA","475.3","170.0","","","","","","273.4","","306.2"
"Jason Moore","WR","","306.3","","","","","","","","","306.3"
"Ty Fryfogle","WR","","307.0","","","","","","","","","307.0"
"Stephen Gosnell","WR","BUF","308.9","","","","","","","","","308.9"
"M.J. McFarland","TE","","309.0","","","","","","","","","309.0"
"Jason Bean","QB","","310.0","","","","","","","","","310.0"
"Foster Moreau","TE","HOU","450.6","170.0","","","","","","","","310.3"
"Tyrion Davis-Price","RB","FA","452.0","170.0","","","","","","","","311.0"
"Savon Scarver","WR","","312.0","","","","","","","","","312.0"
"Xavier Smith","WR","LAR","551.0","169.9","","","","","","","216.0","312.3"
"Miles Sanders","RB","FA","494.3","170.0","","","","","","273.1","","312.4"
"D'Ernest Johnson","RB","FA","455.0","170.0","","","","","","","","312.5"
"Germone Hopper","WR","","313.0","","","","","","","","","313.0"
"Dez Fitzpatrick","WR","FA","456.0","170.0","","","","","","","","313.0"
"Andre Baccellia","WR","FA","458.5","170.0","","","","","","","","314.2"
"Josh Ferguson","RB","","315.0","","","","","","","","","315.0"
"Kyle Allen","QB","BUF","623.6","169.9","","","291.4","","","274.8","216.0","315.1"
"Ken Seals","QB","","316.0","","","","","","","","","316.0"
"Mike Pratt","QB","FA","462.0","169.9","","","","","","","","316.0"
"Tony Ratliff-Williams","WR","","317.0","","","","","","","","","317.0"
"Justin Stockton","RB","","318.0","","","","","","","","","318.0"
"John Wolford","QB","FA","466.7","170.0","","","","","","","","318.3"
"Cooper Rush","QB","ATL","467.8","170.0","","","","","","","","318.9"
"Mac Dalena","WR","BUF","319.0","","","","","","","","","319.0"
"Aleva Hifo","WR","","320.0","","","","","","","","","320.0"
"KJ Hill","WR","LAC","321.0","","","","","","","","","321.0"
"Matt Caldwell","QB","LAR","322.0","","","","","","","","","322.0"
"Deneric Prince","RB","FA","474.1","170.0","","","","","","","","322.0"
"Pierre Strong","RB","GB","523.0","170.0","","","","","","273.1","","322.0"
"Alex McGough","QB","","324.0","","","","","","","","","324.0"
"Rob Tonyan","TE","PIT","679.0","170.0","","","291.6","","","273.1","216.0","325.9"
"Darius Bradwell","RB","","326.0","","","","","","","","","326.0"
"Trenton Irwin","WR","SF","482.0","170.0","","","","","","","","326.0"
"Emmanuel Sanders","WR","","327.0","","","","","","","","","327.0"
"Kristian Wilkerson","WR","FA","485.0","170.0","","","","","","","","327.5"
"Robbie Ouzts","RB","SEA","486.0","170.0","","","","","","","","328.0"
"Corey Kiner","RB","ARI","487.0","170.0","","","","","","","","328.5"
"Chad Beebe","WR","","329.3","","","","","","","","","329.3"
"Stevo Klotz","TE","","330.0","","","","","","","","","330.0"
"Luke Farrell","TE","SF","491.0","170.0","","","","","","","","330.5"
"E.J. Williams","WR","LV","331.0","","","","","","","","","331.0"
"Dean Connors","RB","LAR","487.5","","","","291.4","","","","216.0","331.6"
"Gus Edwards","RB","FA","493.3","170.0","","","","","","","","331.6"
"Ameer Abdullah","RB","JAX","495.5","170.0","","","","","","","","332.7"
"Marcus Rosemy-Jacksaint","WR","","333.0","","","","","","","","","333.0"
"Chandler Brayboy","WR","JAX","499.0","170.0","","","","","","","","334.5"
"Montrell Washington","WR","FA","500.0","170.0","","","","","","","","335.0"
"Jaquarii Roberson","WR","","335.5","","","","","","","","","335.5"
"Skyy Moore","WR","GB","685.4","170.0","","","","","","273.2","216.0","336.1"
"Devon Allen","WR","","337.3","","","","","","","","","337.3"
"Kylen Granson","TE","TEN","505.0","170.0","","","","","","","","337.5"
"Jonathan Mingo","WR","DAL","570.1","169.9","","","","","","273.1","","337.7"
"Zavier Scott","RB","MIN","693.0","170.0","","","","","","273.2","216.0","338.0"
"Tai Felton","WR","MIN","692.7","170.0","","","","","","273.6","216.0","338.1"
"Marquez Valdes-Scantling","WR","DAL","629.8","170.0","","","","","","","216.0","338.6"
"Darrius Shepherd","WR","","338.8","","","","","","","","","338.8"
"Zamir White","RB","SF","631.7","170.0","","","","","","","216.0","339.2"
"Salvon Ahmed","RB","CHI","632.0","170.0","","","","","","","216.0","339.3"
"Dorian Thompson-Robinson","QB","FA","509.6","170.0","","","","","","","","339.8"
"Patrick Laird","RB","","340.5","","","","","","","","","340.5"
"Javon Leake","RB","","341.0","","","","","","","","","341.0"
"Josh Whyle","TE","GB","581.1","170.0","","","","","","273.1","","341.4"
"Adam Trautman","TE","DEN","639.8","169.9","","","","","","","216.0","341.9"
"Eric Tomlinson","TE","FA","514.0","170.0","","","","","","","","342.0"
"Devin Leary","QB","FA","515.0","170.0","","","","","","","","342.5"
"Mike Carter","RB","TEN","686.5","170.0","","","","","241.0","274.2","","342.9"
"Case Keenum","QB","CHI","516.0","170.0","","","","","","","","343.0"
"Mike Harley","WR","","343.3","","","","","","","","","343.3"
"DeeJay Dallas","RB","JAX","519.3","170.0","","","","","","","","344.6"
"Derrick Dillon","WR","","345.0","","","","","","","","","345.0"
"Graham Mertz","QB","HOU","521.5","170.0","","","","","","","","345.7"
"Barika Kpeenu","RB","TB","347.5","","","","","","","","","347.5"
"Collin Schlee","QB","","348.4","","","","","","","","","348.4"
"Tyrod Taylor","QB","GB","658.2","169.9","","","291.6","","","274.6","","348.6"
"Jacolby George","WR","","349.0","","","","","","","","","349.0"
"Chase Roberts","WR","LV","350.0","","","","","","","","","350.0"
"Jaren Kanak","TE","TEN","530.2","170.0","","","","","","","","350.1"
"Coleman Bennett","RB","","485.0","","","","","","","","216.0","350.5"
"Xavier Gipson","WR","NYG","531.0","170.0","","","","","","","","350.5"
"Will Mallory","TE","IND","531.5","170.0","","","","","","","","350.7"
"Kobe McCrary","RB","","351.1","","","","","","","","","351.1"
"Kazmeir Allen","WR","","351.5","","","","","","","","","351.5"
"Tay Martin","WR","DET","534.0","170.0","","","","","","","","352.0"
"Jalen Simmons","RB","","353.0","","","","","","","","","353.0"
"Tyler Johnson","WR","DAL","537.5","170.0","","","","","","","","353.7"
"Qadir Ismail","WR","CHI","354.0","","","","","","","","","354.0"
"A.T. Perry","WR","FA","538.0","170.0","","","","","","","","354.0"
"Hayden Large","TE","CHI","355.0","","","","","","","","","355.0"
"Josh Johnson","QB","CIN","544.0","170.0","","","","","","","","357.0"
"Trevontae Hights","WR","","357.7","","","","","","","","","357.7"
"Damien Alford","WR","","358.0","","","","","","","","","358.0"
"Bub Means","WR","NO","688.0","170.0","","","","","","","216.0","358.0"
"Jeff Wilson","RB","FA","547.5","170.0","","","","","","","","358.7"
"Noah Gindorff","TE","","359.0","","","","","","","","","359.0"
"Jalen Brooks","WR","ARI","691.3","170.0","","","","","","","216.0","359.1"
"Julian Fleming","WR","","359.7","","","","","","","","","359.7"
"Julian Hill","TE","NE","549.8","170.0","","","","","","","","359.9"
"Kyle Trask","QB","CAR","551.8","170.0","","","","","","","","360.9"
"Josh Cuevas","TE","BAL","697.1","170.0","","","","","","","216.0","361.0"
"Connor Neighbors","RB","","361.6","","","","","","","","","361.6"
"Drew Allar","QB","PIT","699.6","169.8","","","","","","","216.0","361.8"
"Jacob Huesman","QB","","362.8","","","","","","","","","362.8"
"Tommy Thomas","WR","","363.0","","","","","","","","","363.0"
"Josh Dobbs","QB","DET","646.7","169.9","","","","","","273.1","","363.2"
"Gary Brightwell","RB","CIN","558.5","170.0","","","","","","","","364.2"
"Ja'Lynn Polk","WR","NO","558.5","170.0","","","","","","","","364.2"
"Brevin Jordan","TE","HOU","559.5","170.0","","","","","","","","364.8"
"Andy Isabella","WR","","366.0","","","","","","","","","366.0"
"Xazavian Valladay","RB","FA","562.0","170.0","","","","","","","","366.0"
"Jimmy Holiday","WR","KC","563.0","170.0","","","","","","","","366.5"
"Dan Villari","TE","LAR","367.6","","","","","","","","","367.6"
"Valdez Showers","WR","","369.5","","","","","","","","","369.5"
"Garrett Nussmeier","QB","KC","668.0","170.0","","","","","","273.1","","370.3"
"Zach Horton","TE","DET","571.3","170.0","","","","","","","","370.6"
"Drew Lock","QB","SEA","668.2","169.9","","","","","","273.6","","370.6"
"Jermar Jefferson","RB","MIN","572.4","169.9","","","","","","","","371.2"
"Quentin Skinner","WR","BUF","574.0","170.0","","","","","","","","372.0"
"Eric Saubert","TE","SEA","575.5","170.0","","","","","","","","372.7"
"Tyler Conklin","TE","DET","676.4","170.0","","","","","","273.1","","373.2"
"DeAndre Washington","RB","","373.5","","","","","","","","","373.5"
"Jaelon Darden","WR","FA","577.0","170.0","","","","","","","","373.5"
"Allen Lazard","WR","FA","577.8","170.0","","","","","","","","373.9"
"Reggie Begelton","WR","","374.0","","","","","","","","","374.0"
"Deven Thompkins","WR","LV","578.0","170.0","","","","","","","","374.0"
"Gardner Minshew","QB","ARI","677.8","170.0","","","","","","274.2","","374.0"
"DaMarkus Lodge","WR","","375.2","","","","","","","","","375.2"
"Dalvin Cook","RB","FA","582.3","169.9","","","","","","","","376.1"
"Chris Manhertz","TE","NYG","583.3","170.0","","","","","","","","376.6"
"Brock Wright","TE","DET","690.8","169.9","","","","","","273.1","","377.9"
"Ja'Corey Brooks","WR","FA","587.4","170.0","","","","","","","","378.7"
"Jimmy Garoppolo","QB","LAR","693.6","170.0","","","","","","273.2","","378.9"
"Bo Melton","WR","GB","695.0","170.0","","","","","","273.1","","379.3"
"Dominic Lovett","WR","DET","589.0","170.0","","","","","","","","379.5"
"De'Quan Hampton","WR","","380.0","","","","","","","","","380.0"
"Brandon Johnson","WR","LV","591.2","170.0","","","","","","","","380.6"
"Nathan Carter","RB","ATL","699.0","170.0","","","","","","273.1","","380.7"
"Harrison Bryant","TE","FA","591.5","170.0","","","","","","","","380.8"
"John Rhys Plumlee","QB","","381.0","","","","","","","","","381.0"
"CJ Donaldson","RB","NO","382.0","","","","","","","","","382.0"
"D.J. Williams","RB","FA","595.0","170.0","","","","","","","","382.5"
"Adrian Martinez","QB","SF","595.0","170.0","","","","","","","","382.5"
"Jibri Blount","TE","","383.0","","","","","","","","","383.0"
"Zach Pascal","WR","FA","596.0","170.0","","","","","","","","383.0"
"Tim Cook","RB","","384.0","","","","","","","","","384.0"
"Tommy Mellott","WR","FA","598.0","170.0","","","","","","","","384.0"
"Melvin Gordon","RB","(N/A)","478.0","","","","291.4","","","","","384.7"
"Chase Claypool","WR","","553.4","","","","","","","","216.0","384.7"
"Damion Willis","WR","","385.0","","","","","","","","","385.0"
"Artavis Pierce","RB","","386.2","","","","","","","","","386.2"
"Brandon Silvers","QB","","387.0","","","","","","","","","387.0"
"TJ Sheffield","WR","","388.5","","","","","","","","","388.5"
"Connor Heyward","TE","LV","609.3","170.0","","","","","","","","389.6"
"Devin Asiasi","TE","","390.0","","","","","","","","","390.0"
"Dan Chisena","WR","CAR","611.5","170.0","","","","","","","","390.7"
"Cam Dorner","WR","NE","391.0","","","","","","","","","391.0"
"Alex Mattison","RB","FA","615.0","170.0","","","","","","","","392.5"
"Jeremiah Webb","WR","NE","393.7","","","","","","","","","393.7"
"Trevon Grimes","WR","","394.0","","","","","","","","","394.0"
"Jared Wiley","TE","KC","618.0","170.0","","","","","","","","394.0"
"Davis Allen","TE","LAR","619.7","170.0","","","","","","","","394.8"
"Adam Thielen","WR","PIT","620.9","170.0","","","","","","","","395.4"
"Jack Stoll","TE","CLE","621.3","170.0","","","","","","","","395.6"
"Danny Gray","WR","PHI","621.7","170.0","","","","","","","","395.8"
"Jeff Smith","WR","","396.3","","","","","","","","","396.3"
"Sean Brown","WR","","397.9","","","","","","","","","397.9"
"Johnathon Johnson","WR","","398.0","","","","","","","","","398.0"
"Trent Sherfield","WR","BUF","627.3","170.0","","","","","","","","398.6"
"Nate Adkins","TE","DEN","627.5","170.0","","","","","","","","398.7"
"Kairee Robinson","RB","","399.2","","","","","","","","","399.2"
"Jalen Walthall","WR","","399.8","","","","","","","","","399.8"
"Isaiah Neyor","WR","GB","630.8","170.0","","","","","","","","400.4"
"David Bell","WR","CLE","632.0","170.0","","","","","","","","401.0"
"Chris Blair","WR","ATL","634.5","170.0","","","","","","","","402.2"
"Mike Strachan","WR","","402.5","","","","","","","","","402.5"
"Zach Davidson","TE","FA","635.3","170.0","","","","","","","","402.6"
"Braxton Berrios","WR","NYG","635.5","170.0","","","","","","","","402.7"
"Brady Russell","TE","SEA","636.0","170.0","","","","","","","","403.0"
"Derrick Willies","WR","","403.8","","","","","","","","","403.8"
"Tyler Mabry","TE","FA","639.5","170.0","","","","","","","","404.8"
"Quincy Skinner","WR","NYJ","405.0","","","","","","","","","405.0"
"Charlie Woerner","TE","ATL","641.5","170.0","","","","","","","","405.7"
"D.J. Montgomery","WR","IND","641.7","170.0","","","","","","","","405.8"
"Tim Jones","WR","JAX","642.0","170.0","","","","","","","","406.0"
"Zay Jones","WR","FA","643.0","170.0","","","","","","","","406.5"
"Riley Nowakowski","TE","PIT","643.4","170.0","","","","","","","","406.7"
"Jackson Meeks","WR","DET","643.5","170.0","","","","","","","","406.7"
"Sincere Brown","WR","LAC","406.9","","","","","","","","","406.9"
"Cam Sutton","TE","","407.0","","","","","","","","","407.0"
"Brandon Smith","WR","PIT","645.0","170.0","","","","","","","","407.5"
"Chris Herndon","TE","","408.0","","","","","","","","","408.0"
"Brennan Presley","WR","LAR","646.5","170.0","","","","","","","","408.2"
"Ricky White","WR","SEA","647.0","170.0","","","","","","","","408.5"
"Xavier Weaver","WR","ARI","647.0","170.0","","","","","","","","408.5"
"Johnathan Lloyd","WR","","409.2","","","","","","","","","409.2"
"Diontae Johnson","WR","FA","648.9","170.0","","","","","","","","409.4"
"Trey Sermon","RB","ATL","649.0","170.0","","","","","","","","409.5"
"J.J. Arcega-Whiteside","WR","","411.0","","","","","","","","","411.0"
"Tom Kennedy","WR","DET","652.8","170.0","","","","","","","","411.4"
"Terrace Marshall","WR","MIA","653.8","170.0","","","","","","","","411.9"
"Jake Haener","QB","NYG","654.7","170.0","","","","","","","","412.3"
"Nick Bowers","TE","","412.7","","","","","","","","","412.7"
"Garrett Dickerson","TE","","413.7","","","","","","","","","413.7"
"Austin Trammell","WR","JAX","658.0","170.0","","","","","","","","414.0"
"Jermaine Terry","TE","CLE","415.0","","","","","","","","","415.0"
"Aaron Anderson","WR","","415.4","","","","","","","","","415.4"
"Taylor Heinicke","QB","FA","661.0","170.0","","","","","","","","415.5"
"Aidan O'Connell","QB","LV","662.3","170.0","","","","","","","","416.1"
"Cody White","WR","SEA","664.0","170.0","","","","","","","","417.0"
"Chris Brazzell","WR","CAR","400.0","170.0","","","","","240.5","278.7","","417.6"
"Nick Vannett","TE","SEA","666.0","170.0","","","","","","","","418.0"
"Sam Ehlinger","QB","DEN","666.3","170.0","","","","","","","","418.1"
"A.J. Green","WR","","418.6","","","","","","","","","418.6"
"Gavin Bartholomew","TE","MIN","667.2","170.0","","","","","","","","418.6"
"Ben Skowronek","WR","PIT","667.7","169.9","","","","","","","","418.8"
"Micah Simon","WR","CAR","419.0","","","","","","","","","419.0"
"Malik Cunningham","WR","DET","669.0","170.0","","","","","","","","419.5"
"Amar Johnson","RB","LAC","670.0","170.0","","","","","","","","420.0"
"Landon Rice","TE","","421.3","","","","","","","","","421.3"
"Cam Latu","TE","PHI","673.1","170.0","","","","","","","","421.5"
"Jacardia Wright","RB","SEA","674.7","170.0","","","","","","","","422.3"
"Xavier Restrepo","WR","TEN","675.0","170.0","","","","","","","","422.5"
"Connor Jessop","QB","","422.6","","","","","","","","","422.6"
"Dareke Young","WR","LV","676.0","170.0","","","","","","","","423.0"
"Ted Ginn","WR","","423.1","","","","","","","","","423.1"
"Jaret Patterson","RB","LAC","677.0","170.0","","","","","","","","423.5"
"Hajj-Malik Williams","QB","","423.8","","","","","","","","","423.8"
"Lewis Bond","WR","HOU","678.4","170.0","","","","","","","","424.2"
"Adrian Killins","RB","DEN","425.0","","","","","","","","","425.0"
"Kadarius Calloway","RB","TB","427.4","","","","","","","","","427.4"
"Zach Zenner","RB","","428.3","","","","","","","","","428.3"
"Joe Walker","WR","","429.9","","","","","","","","","429.9"
"Jjay Mcafee","TE","","430.5","","","","","","","","","430.5"
"Demetris Robertson","WR","","431.8","","","","","","","","","431.8"
"Noah Whittington","RB","HOU","431.9","","","","","","","","","431.9"
"Durron Neal","WR","","433.3","","","","","","","","","433.3"
"David Blough","QB","","434.5","","","","","","","","","434.5"
"Jeremiah Franklin","TE","MIA","435.0","","","","","","","","","435.0"
"Collin Hill","QB","","437.0","","","","","","","","","437.0"
"Kyron Drones","QB","","438.3","","","","","","","","","438.3"
"Joe Webb","QB","","439.3","","","","","","","","","439.3"
"Bucky Hodges","TE","","439.3","","","","","","","","","439.3"
"Anderson Castle","RB","IND","441.0","","","","","","","","","441.0"
"Giles Jackson","WR","","442.8","","","","","","","","","442.8"
"Dante Wright","WR","","443.0","","","","","","","","","443.0"
"Malik Henry","WR","","444.0","","","","","","","","","444.0"
"Danny Etling","QB","","445.0","","","","","","","","","445.0"
"Jimmy Williams","WR","","446.0","","","","","","","","","446.0"
"Siaosi Mariner","WR","","447.0","","","","","","","","","447.0"
"Aaron Parker","WR","","448.0","","","","","","","","","448.0"
"Bryan Thompson","WR","","448.3","","","","","","","","","448.3"
"Valentine Holmes","RB","","449.2","","","","","","","","","449.2"
"Myles Montgomery","RB","NE","625.9","","","","","","","273.1","","449.5"
"Tommy Hudson","TE","","451.0","","","","","","","","","451.0"
"Bo Scarbrough","RB","","452.5","","","","","","","","","452.5"
"Eli Stove","WR","","453.5","","","","","","","","","453.5"
"Shae Wyatt","WR","","454.0","","","","","","","","","454.0"
"Charles Clay","TE","","454.5","","","","","","","","","454.5"
"Kye Robichaux","RB","DET","455.0","","","","","","","","","455.0"
"Bryan Edwards","WR","","455.5","","","","","","","","","455.5"
"Fred Trevillion","WR","","455.5","","","","","","","","","455.5"
"Jake Funk","RB","","459.0","","","","","","","","","459.0"
"Treyvhon Saunders","WR","HOU","459.1","","","","","","","","","459.1"
"Ahmarean Brown","WR","","460.2","","","","","","","","","460.2"
"J.J. Jones","WR","","461.7","","","","","","","","","461.7"
"Ito Smith","RB","DAL","462.0","","","","","","","","","462.0"
"Damien Caffrey","TE","","463.8","","","","","","","","","463.8"
"Milton Wright","WR","","464.0","","","","","","","","","464.0"
"Ronnie Brown","RB","","465.0","","","","","","","","","465.0"
"Ryan Willis","QB","","467.3","","","","","","","","","467.3"
"Kehinde Oginni","TE","","468.0","","","","","","","","","468.0"
"Brian Hoyer","QB","","468.5","","","","","","","","","468.5"
"Dontae McMillan","RB","BAL","469.8","","","","","","","","","469.8"
"Emanuel Hall","WR","","470.0","","","","","","","","","470.0"
"Deante' Gray","WR","","470.0","","","","","","","","","470.0"
"Brayden Lenius","TE","","472.0","","","","","","","","","472.0"
"Dedrick Mills","RB","","472.0","","","","","","","","","472.0"
"Devontres Dukes","WR","","473.0","","","","","","","","","473.0"
"Squirrel White","WR","","473.7","","","","","","","","","473.7"
"Kennedy Brooks","RB","","475.5","","","","","","","","","475.5"
"Ian Wheeler","RB","BUF","476.2","","","","","","","","","476.2"
"Kyle Sloter","QB","","477.0","","","","","","","","","477.0"
"Dohnte Meyers","WR","CIN","477.3","","","","","","","","","477.3"
"La'Mical Perine","RB","","479.0","","","","","","","","","479.0"
"Keilahn Harris","WR","","479.7","","","","","","","","","479.7"
"Jahwan Edwards","RB","","481.0","","","","","","","","","481.0"
"Travis Dye","RB","","481.5","","","","","","","","","481.5"
"Johnny Pascuzzi","TE","LAC","483.6","","","","","","","","","483.6"
"Jared Cook","TE","","484.3","","","","","","","","","484.3"
"Mike Glennon","QB","","485.3","","","","","","","","","485.3"
"Dylan Soehner","TE","","486.3","","","","","","","","","486.3"
"Je'Quan Burton","WR","","487.0","","","","","","","","","487.0"
"Justin Jackson","RB","","487.3","","","","","","","","","487.3"
"Kyle Philips","WR","","489.5","","","","","","","","","489.5"
"Trevon Wesco","TE","","490.5","","","","","","","","","490.5"
"Rhett Ellison","TE","","491.5","","","","","","","","","491.5"
"Reggie Bonnafon","RB","","492.0","","","","","","","","","492.0"
"Matt Fleming","WR","","492.5","","","","","","","","","492.5"
"Evan Svoboda","TE","LAC","493.0","","","","","","","","","493.0"
"Amari Rodgers","WR","","495.3","","","","","","","","","495.3"
"Racey McMath","WR","","497.0","","","","","","","","","497.0"
"Jeff Caldwell","WR","KC","497.8","","","","","","","","","497.8"
"Christian Blake","WR","","498.0","","","","","","","","","498.0"
"Derek Carrier","TE","","498.0","","","","","","","","","498.0"
"Jordan Reed","TE","","498.8","","","","","","","","","498.8"
"Emory Jones","QB","","500.5","","","","","","","","","500.5"
"Golden Tate","WR","","501.8","","","","","","","","","501.8"
"Kevin Foelsch","TE","","502.8","","","","","","","","","502.8"
"Aaron Dykes","RB","","503.0","","","","","","","","","503.0"
"Aaron Peck","TE","","503.2","","","","","","","","","503.2"
"Camden Brown","WR","DAL","503.5","","","","","","","","","503.5"
"Hank Beatty","WR","TEN","505.6","","","","","","","","","505.6"
"Ja'Quan Gardner","RB","","506.6","","","","","","","","","506.6"
"Isaac Rex","TE","","507.5","","","","","","","","","507.5"
"Jimmy Bell","TE","","507.8","","","","","","","","","507.8"
"Dillon Stoner","WR","","508.5","","","","","","","","","508.5"
"Nolan Henderson","QB","","511.7","","","","","","","","","511.7"
"Tony Hankerson","RB","SEA","511.8","","","","","","","","","511.8"
"Thomas Gordon","TE","DET","512.0","","","","","","","","","512.0"
"Maurice Ffrench","WR","","513.2","","","","","","","","","513.2"
"Taryn Christion","QB","","514.3","","","","","","","","","514.3"
"Diontae Spencer","WR","","515.7","","","","","","","","","515.7"
"Travell Harris","WR","","515.8","","","","","","","","","515.8"
"Da'Quan Felton","WR","NYJ","517.0","","","","","","","","","517.0"
"Jerod Evans","QB","","518.0","","","","","","","","","518.0"
"Tyre Brady","WR","","518.3","","","","","","","","","518.3"
"Javess Blue","WR","","519.3","","","","","","","","","519.3"
"Jacob Eason","QB","","519.5","","","","","","","","","519.5"
"Jordan Westerkamp","WR","","521.5","","","","","","","","","521.5"
"Dylan Cantrell","TE","","523.0","","","","","","","","","523.0"
"K.J. Costello","QB","","525.0","","","","","","","","","525.0"
"Zimari Manning","WR","","525.5","","","","","","","","","525.5"
"Malick Meiga","WR","","526.0","","","","","","","","","526.0"
"Rohan Jones","TE","LAR","527.7","","","","","","","","","527.7"
"Brennan Eagles","WR","","528.0","","","","","","","","","528.0"
"Josh Lingenfelter","TE","","529.5","","","","","","","","","529.5"
"Dylan Devezin","RB","","529.8","","","","","","","","","529.8"
"Kawaan Baker","WR","","530.0","","","","","","","","","530.0"
"Cyrus Holder","WR","","532.0","","","","","","","","","532.0"
"Aca'Cedric Ware","RB","","532.5","","","","","","","","","532.5"
"Darius Prince","WR","","534.2","","","","","","","","","534.2"
"Shaq Roland","WR","CHI","535.0","","","","","","","","","535.0"
"DeSean Jackson","WR","","535.2","","","","","","","","","535.2"
"Jake Fromm","QB","","536.3","","","","","","","","","536.3"
"Geronimo Allison","WR","","538.0","","","","","","","","","538.0"
"Jaydn Ott","RB","KC","539.5","","","","","","","","","539.5"
"Kobe Prentice","WR","NE","540.0","","","","","","","","","540.0"
"DeShone Kizer","QB","","540.5","","","","","","","","","540.5"
"Josh Kattus","TE","CIN","541.0","","","","","","","","","541.0"
"JP Richardson","WR","CHI","541.5","","","","","","","","","541.5"
"Jaaron Hayek","WR","","543.2","","","","","","","","","543.2"
"Kolbe Katsis","WR","DEN","543.7","","","","","","","","","543.7"
"Will Sheppard","WR","GB","545.0","","","","","","","","","545.0"
"Rashaad Penny","RB","","546.0","","","","","","","","","546.0"
"Sammy Watkins","WR","","548.0","","","","","","","","","548.0"
"Zach Heins","TE","","549.0","","","","","","","","","549.0"
"J. Michael Sturdivant","WR","GB","550.5","","","","","","","","","550.5"
"Vincent Testaverde","QB","","551.0","","","","","","","","","551.0"
"Bud Sasser","WR","","552.0","","","","","","","","","552.0"
"Patrick Carr","RB","","553.3","","","","","","","","","553.3"
"Marquise Goodwin","WR","","556.0","","","","","","","","","556.0"
"Charles Scarff","TE","","557.0","","","","","","","","","557.0"
"Justin Hall","WR","","557.8","","","","","","","","","557.8"
"Jack Plummer","QB","","558.0","","","","","","","","","558.0"
"Damon Hazelton","WR","","559.5","","","","","","","","","559.5"
"Josh Rosen","QB","","560.0","","","","","","","","","560.0"
"Nick Easley","WR","","561.5","","","","","","","","","561.5"
"Chris Carson","RB","","563.3","","","","","","","","","563.3"
"Jalen Guyton","WR","","564.0","","","","","","","","","564.0"
"Marchie Murdock","WR","","565.0","","","","","","","","","565.0"
"J.J. Nelson","WR","","565.0","","","","","","","","","565.0"
"Dai'Jean Dixon","WR","","566.0","","","","","","","","","566.0"
"Giovani Bernard","RB","","567.3","","","","","","","","","567.3"
"Devonta Freeman","RB","","567.7","","","","","","","","","567.7"
"Matt Schaub","QB","","568.5","","","","","","","","","568.5"
"Jordan Ta'amu","QB","","569.5","","","","","","","","","569.5"
"De'Mornay Pierson-El","WR","","570.0","","","","","","","","","570.0"
"Brandon Ross","RB","","571.0","","","","","","","","","571.0"
"Tony Tyus","RB","CAR","572.0","","","","","","","","","572.0"
"Julian Hicks","WR","SEA","573.0","","","","","","","","","573.0"
"Neil Pau'u","WR","","573.5","","","","","","","","","573.5"
"Nathan Peterman","QB","","574.2","","","","","","","","","574.2"
"Jimmy Graham","TE","","575.3","","","","","","","","","575.3"
"Carl Tucker","TE","","576.0","","","","","","","","","576.0"
"Roland Rivers","QB","","578.4","","","","","","","","","578.4"
"James Gilbert","RB","","579.0","","","","","","","","","579.0"
"Austin Proehl","WR","","579.7","","","","","","","","","579.7"
"Jaylen Samuels","RB","","580.0","","","","","","","","","580.0"
"Darren Carrington","WR","","580.5","","","","","","","","","580.5"
"Quintez Cephus","WR","","581.0","","","","","","","","","581.0"
"Marvin Jones","WR","","582.0","","","","","","","","","582.0"
"James Butler","RB","","583.0","","","","","","","","","583.0"
"Blake Bortles","QB","NO","583.5","","","","","","","","","583.5"
"K.J. Maye","WR","","584.0","","","","","","","","","584.0"
"Jay Lee","WR","","585.5","","","","","","","","","585.5"
"Garrett Groshek","RB","","586.5","","","","","","","","","586.5"
"Jared Rice","TE","","587.5","","","","","","","","","587.5"
"Changa Hodge","WR","","590.5","","","","","","","","","590.5"
"Malachi Jones","WR","","591.0","","","","","","","","","591.0"
"Daurice Fountain","WR","","593.0","","","","","","","","","593.0"
"Neal Johnson","TE","","593.8","","","","","","","","","593.8"
"Jalen Greene","WR","","594.0","","","","","","","","","594.0"
"Cole Beck","WR","","594.9","","","","","","","","","594.9"
"Jesse James","TE","","596.8","","","","","","","","","596.8"
"Austin Appleby","QB","","597.0","","","","","","","","","597.0"
"Travis Benjamin","WR","","597.0","","","","","","","","","597.0"
"Matt Landers","WR","","599.0","","","","","","","","","599.0"
"N'Keal Harry","TE","","599.5","","","","","","","","","599.5"
"Sony Michel","RB","","600.0","","","","","","","","","600.0"
"Justice Shelton-Mosley","WR","","601.0","","","","","","","","","601.0"
"Taj McGowan","RB","","602.0","","","","","","","","","602.0"
"Johnny Lumpkin","TE","","602.0","","","","","","","","","602.0"
"Josh Kelly","WR","HOU","603.0","","","","","","","","","603.0"
"Hunter Kampmoyer","TE","","604.3","","","","","","","","","604.3"
"Xavier Loyd","WR","KC","605.0","","","","","","","","","605.0"
"Jalon Calhoun","WR","","606.0","","","","","","","","","606.0"
"Caleb Repp","TE","","606.5","","","","","","","","","606.5"
"CJ Verdell","RB","","607.2","","","","","","","","","607.2"
"Nick Ralston","RB","","607.5","","","","","","","","","607.5"
"Marcelias Sutton","RB","","607.5","","","","","","","","","607.5"
"Dillon Johnson","RB","","610.3","","","","","","","","","610.3"
"TD Ayo-Durojaiye","RB","","610.5","","","","","","","","","610.5"
"John Michael Gyllenborg","TE","KC","611.2","","","","","","","","","611.2"
"Josh Love","QB","","611.5","","","","","","","","","611.5"
"Marcus Simms","WR","","612.0","","","","","","","","","612.0"
"Sean Riley","WR","","612.2","","","","","","","","","612.2"
"Lake McRee","TE","PIT","613.0","","","","","","","","","613.0"
"Garrett Celek","TE","","613.5","","","","","","","","","613.5"
"Garrett Greene","QB","TB","614.0","","","","","","","","","614.0"
"Kentrel Bullock","RB","CIN","615.3","","","","","","","","","615.3"
"Dylan Leonard","TE","","616.0","","","","","","","","","616.0"
"Vance McDonald","TE","","617.3","","","","","","","","","617.3"
"Jack Sorenson","WR","","618.5","","","","","","","","","618.5"
"Johnny King","WR","","621.5","","","","","","","","","621.5"
"Austin Aune","QB","","622.2","","","","","","","","","622.2"
"Riley Ridley","WR","","622.5","","","","","","","","","622.5"
"Ryan Tannehill","QB","","623.1","","","","","","","","","623.1"
"Marcus Riley","WR","","623.6","","","","","","","","","623.6"
"Seth Williams","WR","","624.0","","","","","","","","","624.0"
"Tim DeMorat","QB","","626.3","","","","","","","","","626.3"
"BJ Baylor","RB","","629.0","","","","","","","","","629.0"
"Clayton Thorson","QB","NYG","629.5","","","","","","","","","629.5"
"Adrian Coxson","WR","","630.0","","","","","","","","","630.0"
"Kyle Dixon","WR","NE","630.0","","","","","","","","","630.0"
"Thyrick Pitts","WR","","631.0","","","","","","","","","631.0"
"Napoleon Maxwell","RB","","633.0","","","","","","","","","633.0"
"Bryce Perkins","QB","","633.3","","","","","","","","","633.3"
"Denzel Mims","WR","DAL","633.5","","","","","","","","","633.5"
"Calvin Jackson","WR","","634.0","","","","","","","","","634.0"
"Brandon Bolden","RB","","634.3","","","","","","","","","634.3"
"Darion Clark","TE","","635.0","","","","","","","","","635.0"
"Ian Bunting","TE","","635.8","","","","","","","","","635.8"
"Alex Gray","TE","","636.6","","","","","","","","","636.6"
"Holton Ahlers","QB","","636.8","","","","","","","","","636.8"
"Sammis Reyes","TE","","637.0","","","","","","","","","637.0"
"Courtney Jackson","WR","TEN","637.0","","","","","","","","","637.0"
"Steve Wroblewski","TE","","637.7","","","","","","","","","637.7"
"Mike Davis","RB","","638.0","","","","","","","","","638.0"
"Keelan Doss","WR","","639.0","","","","","","","","","639.0"
"Javon Wims","WR","","639.2","","","","","","","","","639.2"
"Larry Rountree","RB","","640.0","","","","","","","","","640.0"
"Darrell Henderson","RB","","640.3","","","","","","","","","640.3"
"Gerrid Doaks","RB","","640.5","","","","","","","","","640.5"
"Kalif Jackson","TE","MIA","641.0","","","","","","","","","641.0"
"Boston Scott","RB","","641.2","","","","","","","","","641.2"
"Donte Moncrief","WR","","641.5","","","","","","","","","641.5"
"Josh Caldwell","RB","","642.2","","","","","","","","","642.2"
"Logan Stokes","TE","","642.5","","","","","","","","","642.5"
"Chad Henne","QB","","643.8","","","","","","","","","643.8"
"Trey Quinn","WR","","644.0","","","","","","","","","644.0"
"Luis Perez","QB","","644.8","","","","","","","","","644.8"
"Kellen Mond","QB","","645.0","","","","","","","","","645.0"
"James Robinson","RB","","645.0","","","","","","","","","645.0"
"Jeff Cotton","WR","","646.0","","","","","","","","","646.0"
"Cash Jones","RB","ATL","646.0","","","","","","","","","646.0"
"Noah Thomas","WR","CIN","646.8","","","","","","","","","646.8"
"Mohamed Sanu","WR","","647.3","","","","","","","","","647.3"
"Jordan Hudson","WR","DAL","647.8","","","","","","","","","647.8"
"Romello Brinson","WR","","648.0","","","","","","","","","648.0"
"Da'Mari Scott","WR","","649.0","","","","","","","","","649.0"
"Tyler Ferguson","QB","","650.0","","","","","","","","","650.0"
"Jerome Cunningham","TE","","650.0","","","","","","","","","650.0"
"Joe Manjack","WR","DEN","650.0","","","","","","","","","650.0"
"Oliver Martin","WR","","650.0","","","","","","","","","650.0"
"Bryson Nesbit","TE","MIN","651.0","","","","","","","","","651.0"
"Bryant Mitchell","WR","","651.3","","","","","","","","","651.3"
"Riley Neal","QB","","651.7","","","","","","","","","651.7"
"Kaidon Salter","QB","","652.0","","","","","","","","","652.0"
"Brady Boyd","WR","JAX","652.5","","","","","","","","","652.5"
"Tyler Moore","TE","IND","653.3","","","","","","","","","653.3"
"Riley Sharp","TE","","653.3","","","","","","","","","653.3"
"Stevie Scott","RB","","654.0","","","","","","","","","654.0"
"Jeret Smith","WR","","654.0","","","","","","","","","654.0"
"Alex Smith","QB","","654.3","","","","","","","","","654.3"
"Christian Wade","RB","","654.7","","","","","","","","","654.7"
"Tony Torres","TE","","655.0","","","","","","","","","655.0"
"Keith Kirkwood","WR","","655.7","","","","","","","","","655.7"
"Dresser Winn","QB","","655.8","","","","","","","","","655.8"
"Pooka Williams","RB","","656.0","","","","","","","","","656.0"
"Tony Boone","QB","","656.0","","","","","","","","","656.0"
"Cade Johnson","WR","","656.5","","","","","","","","","656.5"
"Jerand Bradley","WR","LAC","657.0","","","","","","","","","657.0"
"B.J. Emmons","RB","","657.5","","","","","","","","","657.5"
"John Ursua","WR","","657.5","","","","","","","","","657.5"
"Al-Jay Henderson","RB","","658.0","","","","","","","","","658.0"
"Erik Krommenhoek","TE","","658.7","","","","","","","","","658.7"
"Evan Berry","WR","","659.0","","","","","","","","","659.0"
"Kole Taylor","TE","","659.0","","","","","","","","","659.0"
"Gerald Holmes","RB","","659.3","","","","","","","","","659.3"
"Ben Ellefson","TE","","659.8","","","","","","","","","659.8"
"Papi White","WR","","660.0","","","","","","","","","660.0"
"Joaquin Davis","WR","PIT","660.0","","","","","","","","","660.0"
"Kenneth Lawler","WR","","660.2","","","","","","","","","660.2"
"Sam Hartman","QB","WAS","660.9","","","","","","","","","660.9"
"Jermaine Kearse","WR","","661.3","","","","","","","","","661.3"
"Rob Griffin","QB","","661.3","","","","","","","","","661.3"
"Trebor Pena","WR","JAX","662.5","","","","","","","","","662.5"
"Henry Litwin","WR","","662.8","","","","","","","","","662.8"
"Bryan Bennett","QB","","663.0","","","","","","","","","663.0"
"Jahmal Banks","WR","","663.9","","","","","","","","","663.9"
"Joe Fagnano","QB","BAL","664.0","","","","","","","","","664.0"
"Tavonn Salter","WR","","664.5","","","","","","","","","664.5"
"Heinrich Haarberg","TE","","664.5","","","","","","","","","664.5"
"Kalen Ballage","RB","","665.0","","","","","","","","","665.0"
"Marquise Williams","QB","","665.0","","","","","","","","","665.0"
"Tyren Montgomery","WR","TEN","665.5","","","","","","","","","665.5"
"Lucky Jackson","WR","DET","666.6","","","","","","","","","666.6"
"Bryant Koback","RB","","667.0","","","","","","","","","667.0"
"Will Fuller","WR","","667.0","","","","","","","","","667.0"
"Byron Pringle","WR","","667.1","","","","","","","","","667.1"
"Jay Ajayi","RB","","667.1","","","","","","","","","667.1"
"Damoun Patterson","WR","","668.3","","","","","","","","","668.3"
"Phillip Brooks","WR","","669.0","","","","","","","","","669.0"
"Bronson Rechsteiner","RB","","669.5","","","","","","","","","669.5"
"Jake Coker","QB","","670.0","","","","","","","","","670.0"
"De'Anthony Thomas","WR","","670.0","","","","","","","","","670.0"
"Chad Kelly","QB","","670.8","","","","","","","","","670.8"
"Xavier Turner","RB","","671.0","","","","","","","","","671.0"
"Tyler McCloskey","RB","","671.5","","","","","","","","","671.5"
"Jacob De Jesus","WR","KC","671.9","","","","","","","","","671.9"
"Jamie Newman","QB","","673.0","","","","","","","","","673.0"
"Abram Smith","RB","","673.5","","","","","","","","","673.5"
"Wayne Gallman","RB","","673.5","","","","","","","","","673.5"
"Austin Reed","QB","BAL","674.0","","","","","","","","","674.0"
"Brandon Shippen","WR","","674.5","","","","","","","","","674.5"
"Marcus Peterson","WR","","675.2","","","","","","","","","675.2"
"Demario Richard","RB","","676.0","","","","","","","","","676.0"
"Stone Eby","TE","","676.0","","","","","","","","","676.0"
"Ja'seem Reed","WR","CAR","676.8","","","","","","","","","676.8"
"Connor Slomka","RB","","677.0","","","","","","","","","677.0"
"Jacob Clark","QB","LV","677.0","","","","","","","","","677.0"
"Alec Holler","TE","","677.0","","","","","","","","","677.0"
"Jackson Harris","TE","","677.3","","","","","","","","","677.3"
"Kyle Markway","TE","","678.0","","","","","","","","","678.0"
"Bobo Wilson","WR","","678.0","","","","","","","","","678.0"
"Todd Gurley","RB","","678.1","","","","","","","","","678.1"
"Jamal Pettigrew","TE","","678.8","","","","","","","","","678.8"
"Chris Brown","WR","","679.0","","","","","","","","","679.0"
"Case Cookus","QB","","679.3","","","","","","","","","679.3"
"Tommy Stevens","TE","NYG","679.5","","","","","","","","","679.5"
"Ross Scheuerman","RB","","680.0","","","","","","","","","680.0"
"Jerome Lane","WR","","681.0","","","","","","","","","681.0"
"Zakhari Franklin","WR","","681.3","","","","","","","","","681.3"
"Zion Bowens","WR","","681.5","","","","","","","","","681.5"
"Sandro Platzgummer","RB","","681.9","","","","","","","","","681.9"
"Romello Brooker","TE","","682.0","","","","","","","","","682.0"
"Terry Swanson","RB","","682.0","","","","","","","","","682.0"
"Ryan Fitzpatrick","QB","","682.4","","","","","","","","","682.4"
"Landen Akers","WR","","683.0","","","","","","","","","683.0"
"Tayvion Robinson","WR","","683.0","","","","","","","","","683.0"
"Josh Imatorbhebhe","WR","","683.1","","","","","","","","","683.1"
"Tre Harbison","RB","","684.0","","","","","","","","","684.0"
"Sam Cotton","TE","","684.0","","","","","","","","","684.0"
"Josh Gordon","WR","","684.0","","","","","","","","","684.0"
"Jamarius Way","WR","","684.7","","","","","","","","","684.7"
"Kekoa Crawford","WR","","687.0","","","","","","","","","687.0"
"T.J. Simmons","WR","","687.2","","","","","","","","","687.2"
"Mathew Sexton","WR","","687.5","","","","","","","","","687.5"
"Austin Wolf","WR","","687.5","","","","","","","","","687.5"
"Deon Cain","WR","","687.5","","","","","","","","","687.5"
"Jalen Wayne","WR","","687.5","","","","","","","","","687.5"
"Mike Thomas","WR","","688.3","","","","","","","","","688.3"
"Steve Stilianos","TE","","688.5","","","","","","","","","688.5"
"Broc Rutter","QB","","689.5","","","","","","","","","689.5"
"T.J. Linta","QB","","689.5","","","","","","","","","689.5"
"Sone Ntoh","RB","","689.8","","","","","","","","","689.8"
"Mark Chapman","WR","","690.0","","","","","","","","","690.0"
"Aidan Robbins","RB","","690.3","","","","","","","","","690.3"
"Taulia Tagovailoa","QB","","690.4","","","","","","","","","690.4"
"Jerreth Sterns","WR","","691.0","","","","","","","","","691.0"
"Roman Hemby","RB","LV","691.0","","","","","","","","","691.0"
"Connor Wedington","WR","","691.3","","","","","","","","","691.3"
"Shane Leatherbury","WR","","691.7","","","","","","","","","691.7"
"Jalen Moss","WR","","692.0","","","","","","","","","692.0"
"Jose Barbon","WR","","692.0","","","","","","","","","692.0"
"Latavius Murray","RB","","692.1","","","","","","","","","692.1"
"Marlon Mack","RB","","693.0","","","","","","","","","693.0"
"Tanner Morgan","QB","","693.0","","","","","","","","","693.0"
"Will Pauling","WR","SF","694.0","","","","","","","","","694.0"
"Sean Mannion","QB","","694.7","","","","","","","","","694.7"
"Lachlan Pitts","TE","","694.8","","","","","","","","","694.8"
"Ryan Nall","RB","","695.0","","","","","","","","","695.0"
"Duece Watts","WR","","695.0","","","","","","","","","695.0"
"Nakia Griffin-Stewart","TE","","695.3","","","","","","","","","695.3"
"Brian Riley","WR","","695.5","","","","","","","","","695.5"
"Blake Jarwin","TE","","696.0","","","","","","","","","696.0"
"Trent Pennix","TE","","696.0","","","","","","","","","696.0"
"J.T. Barrett","QB","","696.6","","","","","","","","","696.6"
"Floyd Allen","WR","","697.0","","","","","","","","","697.0"
"Kai Locksley","WR","","699.0","","","","","","","","","699.0"
"CJ Marable","RB","","699.5","","","","","","","","","699.5"
"Lamar Miller","RB","","699.5","","","","","","","","","699.5"
"AJ Henning","WR","MIA","699.7","","","","","","","","","699.7"
"Kirk Merritt","WR","","700.0","","","","","","","","","700.0"
"Josh Hammond","WR","","700.0","","","","","","","","","700.0"
"Zach Terrell","QB","BAL","700.0","","","","","","","","","700.0"