Rank,Player,POS,Team,AVG,Expert,Sleeper,ESPN,Yahoo,Underdog,CBS,FFPC
1,Jahmyr Gibbs,RB1,DET,1.0,1,1,1,1,1,1,1
2,Bijan Robinson,RB2,ATL,2.0,2,2,2,2,2,2,2
3,Ja'Marr Chase,WR1,CIN,3.0,3,3,3,3,3,3,3
4,Puka Nacua,WR2,LAR,4.0,4,4,4,4,4,4,4
5,Jaxon Smith-Njigba,WR3,SEA,5.8,6,6,5,8,5,6,5
6,Christian McCaffrey,RB3,SF,6.0,6,5,6,5,6,7,7
7,Jonathan Taylor,RB4,IND,7.0,9,7,7,6,8,5,9
8,Amon-Ra St. Brown,WR4,DET,7.7,7,8,8,7,7,8,8
9,James Cook,RB5,BUF,10.2,10,10,12,9,10,9,11
10,CeeDee Lamb,WR5,DAL,10.8,10,9,9,10,9,15,13
11,Ashton Jeanty,RB6,LV,12.2,12,14,13,13,12,11,10
12,Justin Jefferson,WR6,MIN,12.7,11,11,11,15,11,16,12
13,Devon Achane,RB7,MIA,14.0,14,12,10,16,17,10,19
14,Saquon Barkley,RB8,PHI,14.3,16,13,18,11,13,13,18
15,Chase Brown,RB9,CIN,15.3,12,17,20,14,15,12,14
16,Kenneth Walker,RB10,KC,17.2,16,19,21,12,14,20,17
17,Omarion Hampton,RB11,LAC,17.5,15,15,22,17,16,19,16
18,Drake London,WR7,ATL,18.0,19,16,14,19,21,17,21
19,Derrick Henry,RB12,BAL,18.7,20,21,19,18,18,14,22
20,Brock Bowers,TE1,LV,19.7,20,22,24,20,20,26,6
21,A.J. Brown,WR8,NE,21.8,22,18,28,23,19,23,20
22,Trey McBride,TE2,ARI,22.8,27,20,17,29,29,27,15
23,Nico Collins,WR9,HOU,23.7,22,25,25,21,22,25,24
24,George Pickens,WR10,DAL,24.7,25,23,32,22,24,21,26
25,Rashee Rice,WR11,KC,25.2,25,27,16,36,25,22,25
26,Jeremiyah Love,RB13,ARI,27.0,31,26,15,34,28,30,29
27,Malik Nabers,WR12,NYG,27.3,23,28,29,24,23,32,28
28,Chris Olave,WR13,NO,27.3,26,30,26,26,26,29,27
29,Josh Allen,QB1,BUF,30.0,38,24,36,28,37,18,37
30,Breece Hall,RB14,NYJ,30.3,30,32,23,32,32,33,30
31,Kyren Williams,RB15,LAR,30.5,32,29,38,27,30,24,35
32,DeVonta Smith,WR14,PHI,31.8,30,37,35,25,27,36,31
33,Javonte Williams,RB16,DAL,34.3,32,36,31,35,34,34,36
34,Zay Flowers,WR15,BAL,34.3,33,41,34,31,31,35,34
35,Josh Jacobs,RB17,GB,35.0,37,31,30,40,42,28,39
36,Tee Higgins,WR16,CIN,37.7,34,34,46,30,35,38,43
37,Emeka Egbuka,WR17,TB,38.5,39,40,42,43,36,37,33
38,Tetairoa McMillan,WR18,CAR,38.8,41,35,33,37,40,43,45
39,Ladd McConkey,WR19,LAC,39.3,39,38,44,39,33,44,38
40,Garrett Wilson,WR20,NYJ,39.7,42,45,27,41,39,46,40
41,Colston Loveland,TE3,CHI,40.0,40,42,49,38,43,45,23
42,Cam Skattebo,RB18,NYG,41.2,46,43,40,47,45,31,41
43,Travis Etienne,RB19,NO,41.7,44,44,37,42,41,42,44
44,Jaylen Waddle,WR21,DEN,42.7,35,47,47,33,38,49,42
45,Bucky Irving,RB20,TB,47.8,46,39,41,58,55,41,53
46,Tyler Warren,TE4,IND,48.5,59,46,50,48,63,52,32
47,Quinshon Judkins,RB21,CLE,48.7,50,53,39,51,54,47,48
48,D'Andre Swift,RB22,CHI,48.8,46,55,60,44,44,40,50
49,Terry McLaurin,WR22,WAS,49.7,51,56,45,45,48,53,51
50,Luther Burden,WR23,CHI,50.3,50,50,53,46,46,61,46
51,Lamar Jackson,QB2,BAL,50.7,56,33,56,50,56,39,70
52,David Montgomery,RB23,HOU,51.8,50,51,61,54,47,51,47
53,Davante Adams,WR24,LAR,52.2,48,49,43,57,52,55,57
54,DJ Moore,WR25,BUF,53.7,61,58,52,49,53,58,52
55,Jameson Williams,WR26,DET,54.8,53,57,51,53,51,56,61
56,Bhayshul Tuten,RB24,JAX,55.3,48,61,59,59,50,54,49
57,Rome Odunze,WR27,CHI,57.2,57,66,48,52,59,60,58
58,TreVeyon Henderson,RB25,NE,59.3,55,52,63,66,58,62,55
59,Drake Maye,QB3,NE,59.7,67,48,57,61,66,50,76
60,Mike Evans,WR28,SF,60.7,56,59,76,60,49,64,56
61,Jadarian Price,RB26,SEA,62.5,57,70,62,64,61,59,59
62,Christian Watson,WR29,GB,63.5,62,69,77,55,57,69,54
63,Joe Burrow,QB4,CIN,64.5,69,54,74,63,67,48,81
64,Jayden Daniels,QB5,WAS,67.3,67,62,55,62,68,63,94
65,Carnell Tate,WR30,TEN,67.5,57,64,54,74,62,85,66
66,Parker Washington,WR31,JAX,68.0,65,77,69,56,60,82,64
67,Marvin Harrison,WR32,ARI,69.5,62,75,67,69,65,72,69
68,Sam LaPorta,TE5,DET,70.5,81,60,73,70,90,65,65
69,Jalen Hurts,QB6,PHI,71.0,75,63,58,65,71,67,102
70,Rhamondre Stevenson,RB27,NE,73.2,78,85,64,68,70,79,73
71,Brian Thomas,WR33,JAX,73.3,60,72,80,73,64,80,71
72,Jaylen Warren,RB28,PIT,74.2,66,73,96,71,69,68,68
73,Tucker Kraft,TE6,GB,74.3,76,65,102,67,77,73,62
74,Kyle Pitts,TE7,ATL,74.7,94,68,71,83,100,66,60
75,DK Metcalf,WR34,PIT,76.5,84,74,68,77,74,87,79
76,Harold Fannin,TE8,CLE,77.2,94,67,72,78,105,78,63
77,Caleb Williams,QB7,CHI,79.8,74,71,87,72,72,70,107
78,Tony Pollard,RB29,TEN,80.7,79,87,98,79,75,71,74
79,Courtland Sutton,WR35,DEN,81.7,91,80,65,98,82,76,89
80,Dak Prescott,QB8,DAL,83.0,93,81,83,82,79,57,116
81,Rico Dowdle,RB30,PIT,83.7,91,88,97,80,84,75,78
82,Alec Pierce,WR36,IND,87.5,89,97,70,99,93,74,92
83,Justin Herbert,QB9,LAC,88.0,90,83,94,75,83,84,109
84,Jonathon Brooks,RB31,CAR,88.0,76,116,100,76,76,93,67
85,Trevor Lawrence,QB10,JAX,89.7,86,98,82,81,86,81,110
86,Michael Wilson,WR37,ARI,90.2,91,82,79,85,92,106,97
87,Chuba Hubbard,RB32,CAR,92.2,95,76,101,96,96,89,95
88,J.K. Dobbins,RB33,DEN,93.0,85,92,106,84,95,88,93
89,George Kittle,TE9,SF,94.0,106,91,103,93,115,90,72
90,RJ Harvey,RB34,DEN,94.2,92,79,123,109,91,77,86
91,Chris Godwin,WR38,TB,94.2,84,95,128,86,85,94,77
92,Michael Pittman,WR39,PIT,94.5,83,102,66,102,98,114,85
93,Quentin Johnston,WR40,LAC,95.3,83,108,113,92,73,99,87
94,Josh Downs,WR41,IND,98.8,99,109,114,90,81,111,88
95,Jaxson Dart,QB11,NYG,99.2,104,84,75,103,102,103,128
96,Blake Corum,RB35,LAR,99.3,98,103,122,91,88,109,83
97,Jordan Addison,WR42,MIN,100.7,83,104,89,94,89,117,111
98,Jayden Reed,WR43,GB,102.0,107,114,92,95,78,128,105
99,Kenneth Gainwell,RB36,TB,102.2,109,111,99,114,109,96,84
100,Travis Kelce,TE10,KC,103.3,119,93,105,118,122,100,82
101,Brock Purdy,QB12,SF,103.3,104,120,85,97,101,92,125
102,Kyle Monangai,RB37,CHI,103.7,106,96,107,108,106,104,101
103,Jacory Croskey-Merritt,RB38,WAS,103.7,102,112,108,88,104,107,103
104,Makai Lemon,WR44,PHI,104.8,81,86,126,107,80,124,106
105,Wan'Dale Robinson,WR45,TEN,105.3,100,110,88,121,112,102,99
106,Jordyn Tyson,WR46,NO,106.0,102,78,152,124,87,115,80
107,Jordan Mason,RB39,MIN,106.3,94,118,121,101,99,101,98
108,Matthew Stafford,QB13,LAR,107.0,113,99,86,113,110,91,143
109,Stefon Diggs,WR47,WAS,108.2,88,115,125,87,94,120,108
110,Isaiah Likely,TE11,NYG,108.5,131,113,117,123,128,95,75
111,Dalton Kincaid,TE12,BUF,108.7,132,90,118,106,123,125,90
112,Patrick Mahomes,QB14,KC,108.8,109,107,95,117,97,98,139
113,Dallas Goedert,TE13,PHI,109.0,137,124,104,116,136,83,91
114,Jakobi Meyers,WR48,JAX,109.3,121,105,81,120,117,116,117
115,Matthew Golden,WR49,GB,111.2,116,130,78,105,103,139,112
116,Rachaad White,RB40,WAS,113.2,93,128,109,111,116,119,96
117,Bo Nix,QB15,DEN,114.0,107,121,84,100,108,123,148
118,Jake Ferguson,TE14,DAL,118.7,128,100,110,145,135,118,104
119,Aaron Jones,RB41,MIN,119.0,117,123,116,125,124,113,113
120,KC Concepcion,WR50,CLE,119.0,101,125,127,104,113,130,115
121,Mark Andrews,TE15,BAL,120.3,138,129,111,128,132,122,100
122,Xavier Worthy,WR51,KC,121.2,108,139,93,127,107,140,121
123,Jared Goff,QB16,DET,126.3,115,133,136,119,111,108,151
124,De'Zhaun Stribling,WR52,SF,126.7,121,155,130,89,120,136,130
125,Romeo Doubs,WR53,NE,129.3,123,131,129,122,119,151,124
126,Deebo Samuel,WR54,SF,129.7,116,137,115,147,127,126,126
127,Khalil Shakir,WR55,BUF,130.3,139,138,90,139,131,150,134
128,Chris Rodriguez,RB42,JAX,131.0,130,144,141,115,126,138,122
129,Jalen Coker,WR56,CAR,133.7,124,143,132,112,129,157,129
130,Kyler Murray,QB17,MIN,135.0,117,159,134,110,114,134,159
131,Brandon Aubrey,K1,DAL,135.4,,94,181,164,,105,133
132,Baker Mayfield,QB18,TB,139.5,130,140,150,132,121,129,165
133,Houston Texans,DEF1,HOU,140.3,,101,169,151,,,
134,Zach Charbonnet,RB43,SEA,140.5,164,141,138,143,159,135,127
135,Woody Marks,RB44,HOU,140.7,140,166,124,142,138,142,132
136,Los Angeles Rams,DEF2,LAR,141.3,,89,173,162,,,
137,Rashid Shaheed,WR57,SEA,141.3,142,158,133,131,133,147,146
138,Hunter Henry,TE16,NE,144.7,163,132,120,160,151,169,136
139,Tyler Allgeier,RB45,ARI,145.2,144,146,143,138,139,161,144
140,Keaton Mitchell,RB46,LAC,146.2,141,180,154,126,130,168,119
141,Tyler Shough,QB19,NO,146.8,133,169,135,136,125,154,162
142,Tyjae Spears,RB47,TEN,147.5,168,167,140,137,154,149,138
143,Tyrone Tracy,RB48,NYG,147.8,153,161,168,161,141,133,123
144,Seattle Seahawks,DEF3,SEA,148.7,,106,172,168,,,
145,Juwan Johnson,TE17,NO,149.2,152,187,160,133,142,155,118
146,Travis Hunter,WR58,JAX,149.4,124,165,91,153,150,,188
147,Denzel Boston,WR59,CLE,150.8,131,163,144,134,137,170,157
148,Denver Broncos,DEF4,DEN,152.3,,122,170,165,,,
149,Jonah Coleman,RB49,DEN,152.3,134,168,156,140,145,174,131
150,Brenton Strange,TE18,JAX,152.7,153,151,194,159,148,144,120
151,Jordan Love,QB20,GB,153.3,140,147,198,130,118,153,174
152,Alvin Kamara,RB50,NO,156.0,163,160,139,177,174,137,149
153,Malik Willis,QB21,MIA,156.7,138,192,151,129,134,158,176
154,Tank Bigsby,RB51,PHI,156.8,149,182,157,135,149,181,137
155,Philadelphia Eagles,DEF5,PHI,158.7,,126,175,175,,,
156,Chig Okonkwo,TE19,WAS,158.8,152,171,216,149,144,,114
157,Jason Myers,K2,SEA,160.0,,127,183,187,,121,182
158,Jalen McMillan,WR60,TB,161.2,152,196,146,150,153,,161
159,Cameron Dicker,K3,LAC,161.8,,119,182,188,,141,179
160,Ka'imi Fairbairn,K4,HOU,162.6,,134,185,176,,131,187
161,Jalen Nailor,WR61,LV,163.0,173,183,161,152,147,175,160
162,Brian Robinson,RB52,ATL,163.5,169,150,142,154,185,187,163
163,Kenyon Sadiq,TE20,NYJ,164.0,169,145,119,201,181,193,145
164,T.J. Hockenson,TE21,MIN,164.0,170,164,112,197,169,195,147
165,Isiah Pacheco,RB53,DET,166.7,158,186,155,183,180,146,150
166,MarShawn Lloyd,RB54,GB,166.7,170,200,196,141,155,173,135
167,Daniel Jones,QB22,IND,168.7,161,207,137,157,143,159,209
168,New England Patriots,DEF6,NE,169.7,,142,177,190,,,
169,Baltimore Ravens,DEF7,BAL,171.0,,136,174,203,,,
170,Sam Darnold,QB23,SEA,171.0,160,177,200,156,140,143,210
171,Dylan Sampson,RB55,CLE,171.8,164,189,166,181,175,167,153
172,Terrance Ferguson,TE22,LAR,172.0,192,210,159,185,164,,142
173,Dontayvion Wicks,WR62,PHI,172.0,214,,164,163,161,,200
174,Tre Tucker,WR63,LV,174.0,158,206,153,184,156,177,168
175,Cam Little,K5,JAX,174.8,,135,188,192,,164,195
176,Pittsburgh Steelers,DEF8,PIT,175.3,,162,171,193,,,
177,Dalton Schultz,TE23,HOU,176.3,170,193,207,158,162,182,156
178,Mike Washington Jr.,RB56,LV,176.8,189,202,167,148,177,200,167
179,Tank Dell,WR64,HOU,177.8,182,176,131,252,178,145,185
180,Adonai Mitchell,WR65,NYJ,181.4,204,261,149,146,170,,181
181,Keenan Allen,WR66,IND,184.6,152,225,162,144,167,,225
182,Jerry Jeudy,WR67,CLE,184.7,194,190,145,196,196,180,201
183,Ja'Kobi Lane,WR68,BAL,185.7,186,175,197,186,158,178,220
184,Omar Cooper Jr.,WR69,NYJ,185.8,151,173,209,204,160,,183
185,Tre Harris,WR70,LAC,186.0,174,211,204,180,157,,178
186,Oronde Gadsden,TE24,LAC,186.3,163,117,291,208,176,186,140
187,C.J. Stroud,QB24,HOU,186.7,158,205,199,170,146,166,234
188,Braelon Allen,RB57,NYJ,187.2,194,212,193,172,190,183,173
189,Ray Davis,RB58,BUF,187.8,192,253,158,171,187,,170
190,Caleb Douglas,WR71,MIA,189.0,177,,148,195,183,,230
191,AJ Barner,TE25,SEA,189.3,170,185,217,178,179,208,169
192,Los Angeles Chargers,DEF9,LAC,190.0,,179,180,211,,,
193,Detroit Lions,DEF10,DET,190.3,,153,178,240,,,
194,Jake Bates,K6,DET,192.0,,157,189,234,,165,215
195,Emmett Johnson,RB59,KC,192.4,186,195,244,155,197,,171
196,Harrison Mevis,K7,LAR,193.2,,149,184,247,,179,207
197,Malik Washington,WR72,MIA,194.6,185,199,211,198,173,,192
198,Jauan Jennings,WR73,MIN,196.0,196,194,203,206,165,204,204
199,Eddy Pineiro,K8,SF,196.8,,174,186,213,,197,214
200,Ryan Flournoy,WR74,DAL,197.2,186,256,205,166,166,,193
201,Jaydon Blue,RB60,DAL,197.4,198,251,239,167,172,,158
202,Cam Ward,QB25,TEN,199.6,161,209,219,179,152,,239
203,Kaelon Black,RB61,SF,200.0,231,,213,205,204,203,175
204,Will Reichard,K9,MIN,200.4,,170,192,212,,206,222
205,Tyler Loop,K10,BAL,202.2,,201,190,202,,199,219
206,Zachariah Branch,WR75,ATL,204.0,189,188,208,222,189,,213
207,Nicholas Singleton,RB62,TEN,205.2,181,191,241,194,210,,190
208,Jacksonville Jaguars,DEF11,JAX,205.7,,172,254,191,,,
209,Greg Dulcich,TE26,MIA,206.0,207,247,258,189,186,201,155
210,Kansas City Chiefs,DEF12,KC,209.3,,218,179,231,,,
211,Jaylin Noel,WR76,HOU,210.8,215,217,165,200,205,,267
212,Minnesota Vikings,DEF13,MIN,211.3,,152,300,182,,,
213,Gunnar Helm,TE27,TEN,211.8,196,254,215,226,192,,172
214,Rashod Bateman,WR77,BAL,213.3,229,252,163,221,206,202,236
215,Pat Bryant,WR78,DEN,213.4,216,241,253,173,171,,229
216,Bryce Young,QB26,CAR,213.8,167,246,218,169,163,,273
217,Harrison Butker,K11,KC,216.0,,181,187,259,,188,265
218,Cairo Santos,K12,CHI,216.2,,220,191,217,,192,261
219,Calvin Ridley,WR79,TEN,217.0,189,304,147,215,201,211,224
220,Justice Hill,RB63,BAL,218.0,219,,195,256,225,215,199
221,George Holani,RB64,SEA,218.5,225,,246,209,221,,198
222,Isaac TeSlaa,WR80,DET,219.0,197,215,252,219,188,,221
223,Green Bay Packers,DEF14,GB,221.0,,203,236,224,,,
224,Chris Boswell,K13,PIT,221.3,,156,237,246,,,246
225,Jordan James,RB65,SF,222.0,214,,212,294,223,190,191
226,Evan McPherson,K14,CIN,223.8,,184,256,220,,210,249
227,Cyrus Allen,WR81,KC,224.2,190,198,378,174,168,,203
228,Fernando Mendoza,QB27,LV,225.8,212,178,268,218,184,,281
229,Antonio Williams,WR82,WAS,226.2,185,223,232,236,224,,216
230,Devaughn Vele,WR83,NO,226.2,228,267,201,199,194,,270
231,Demond Claiborne,RB66,MIN,226.8,193,279,242,207,229,,177
232,Kimani Vidal,RB67,LAC,227.0,202,273,214,250,209,,189
233,Kaytron Allen,RB68,WAS,227.4,181,270,240,229,218,,180
234,Cade Otton,TE28,TB,227.5,208,219,260,273,193,214,206
235,Pat Freiermuth,TE29,PIT,227.6,203,268,206,283,195,,186
236,Chase McLaughlin,K15,TB,228.4,,232,238,248,,198,226
237,Cooper Kupp,WR84,SEA,228.7,231,236,224,238,217,194,263
238,Kayshon Boutte,WR85,NE,228.8,193,262,210,237,208,,227
239,James Conner,RB69,ARI,229.5,217,221,248,228,250,213,217
240,Eli Stowers,TE30,,233.0,233,,,,233,,
241,Germie Bernard,WR86,PIT,233.4,194,248,202,271,203,,243
242,Najee Harris,RB70,NYG,236.8,200,214,277,210,215,,268
243,Sean Tucker,RB71,TB,237.4,175,283,247,243,202,,212
244,Jacoby Brissett,QB28,ARI,238.0,200,282,220,216,198,,274
245,Malachi Fields,WR87,NYG,239.2,215,231,284,242,199,,240
246,Ted Hurst,WR88,TB,241.8,214,266,272,239,200,,232
247,Ollie Gordon II,RB72,MIA,243.8,204,,222,225,276,,252
248,Tyquan Thornton,WR89,KC,244.0,221,,233,233,230,,280
249,David Njoku,TE31,LAC,244.2,200,208,290,289,216,,218
250,Adam Randall,RB73,BAL,244.3,213,,243,230,254,,250
251,Andy Borregales,K16,NE,245.8,,154,351,245,,,233
252,Chris Bell,WR90,MIA,247.4,202,271,231,264,211,,260
253,Samaje Perine,RB74,CIN,247.5,222,,223,293,239,,235
254,Indianapolis Colts,DEF15,IND,248.0,,224,255,265,,,
255,Keon Coleman,WR91,BUF,250.2,216,255,234,268,212,,282
256,Aaron Rodgers,QB29,PIT,251.4,197,239,269,254,182,,313
257,Darren Waller,TE32,CAR,251.8,248,,259,287,207,,254
258,Jaylen Wright,RB75,MIA,253.8,239,290,221,279,251,,228
259,Jack Bech,WR92,LV,255.0,217,263,264,232,228,,288
260,Seth McGowan,RB76,IND,255.0,235,,280,258,238,,244
261,Isaiah Davis,RB77,NYJ,255.3,224,,226,214,297,,284
262,Geno Smith,QB30,NYJ,255.5,213,,267,253,191,,311
263,Tampa Bay Buccaneers,DEF16,TB,256.3,,250,235,284,,,
264,Evan Engram,TE33,DEN,258.3,235,,289,299,222,,223
265,San Francisco 49ers,DEF17,SF,259.3,,230,297,251,,,
266,Darnell Mooney,WR93,NYG,259.6,184,294,273,244,231,,256
267,Dallas Cowboys,DEF18,DAL,260.3,,197,361,223,,,
268,Chicago Bears,DEF19,CHI,263.0,,237,286,266,,,
269,Shedeur Sanders,QB31,CLE,263.8,239,257,301,270,227,,
270,Jahan Dotson,WR94,ATL,263.8,291,,228,235,256,,336
271,DJ Giddens,RB78,IND,264.3,220,,251,262,293,,251
272,Michael Penix,QB32,ATL,264.8,241,240,310,263,246,,
273,Colby Parkinson,TE34,LAR,266.4,238,300,312,269,214,,237
274,Jake Tonges,TE35,SF,267.8,245,274,311,305,244,,205
275,Cincinnati Bengals,DEF20,CIN,268.7,,272,285,249,,,
276,Tory Horton,WR95,SEA,269.2,222,243,271,298,241,,293
277,Cleveland Browns,DEF21,CLE,270.3,,333,176,302,,,
278,Michael Mayer,TE36,LV,270.5,256,,293,308,226,,255
279,Xavier Legette,WR96,CAR,271.8,239,,227,276,247,,337
280,Mike Gesicki,TE37,CIN,274.0,230,,292,313,220,,271
281,Tua Tagovailoa,QB33,ATL,274.8,223,258,296,255,213,,352
282,Wil Lutz,K17,DEN,275.4,,305,346,227,,212,287
283,Emari Demercado,RB79,KC,276.0,287,,249,328,279,,248
284,Emanuel Wilson,RB80,SEA,276.8,225,297,265,281,284,,257
285,Marvin Mims,WR97,DEN,278.0,285,226,261,343,282,,
286,Buffalo Bills,DEF22,BUF,278.3,,228,366,241,,,
287,Eli Stowers,TE38,PHI,278.8,212,265,330,282,,,238
288,LeQuint Allen,RB81,JAX,279.0,243,,245,334,278,,259
289,Darius Slayton,WR98,NYG,279.5,214,,229,280,270,,339
290,Xavier Hutchinson,WR99,HOU,280.3,321,,263,297,237,,324
291,Jack Heneghan,QB34,,281.0,,281,,,,,
292,Mason Taylor,TE39,NYJ,281.8,253,234,325,317,255,,278
293,Deshaun Watson,QB35,CLE,282.3,239,,270,312,232,,315
294,Kendre Miller,RB82,NO,283.5,225,235,281,292,326,,
295,John Hurst,WR100,,284.0,,284,,,,,
296,Ty Johnson,RB83,BUF,284.3,217,,225,321,302,,289
297,Darrin Hall,RB84,,287.0,,287,,,,,
298,Chris Brooks,RB85,GB,287.3,194,,250,295,332,,272
299,Atlanta Falcons,DEF23,ATL,287.7,,242,364,257,,,
300,DeMario Douglas,WR101,NE,287.8,307,,274,304,245,,328
301,Jake Elliott,K18,PHI,290.3,,227,288,356,,,
302,Jalen Tolbert,WR102,MIA,290.5,280,,230,353,273,,306
303,Erick All,TE40,CIN,290.8,,,313,318,257,,275
304,Eli Raridon,TE41,NE,290.8,236,,389,285,236,,253
305,Tahj Brooks,RB86,CIN,291.0,293,,278,261,307,,318
306,Troy Franklin,WR103,DEN,291.4,205,277,369,301,234,,276
307,Kirk Cousins,QB36,LV,291.5,247,,302,260,242,,362
308,Carson Beck,QB37,ARI,292.0,246,,316,325,235,,
309,Lincoln Sefcik,TE42,,293.0,,293,,,,,
310,Darnell Washington,TE43,PIT,293.8,249,,314,286,243,,332
311,Charlie Kolar,TE44,LAC,294.0,223,,390,272,219,,295
312,New Orleans Saints,DEF24,NO,295.0,,286,299,300,,,
313,Ahmad Wagner,WR104,,296.0,,296,,,,,
314,Elijah Arroyo,TE45,SEA,296.5,268,,324,323,262,,277
315,Blake Grupe,K19,IND,297.3,,,349,375,,171,294
316,Savion Williams,WR105,GB,297.7,318,,275,344,274,,
317,Theo Johnson,TE46,NYG,297.8,250,249,326,316,267,,331
318,Warren Jackson,WR106,,298.0,,298,,,,,
319,Nick Folk,K20,ATL,298.0,,361,257,378,,172,322
320,New York Giants,DEF25,NYG,298.3,,259,359,277,,,
321,Elijah Sarratt,WR107,BAL,300.2,205,244,396,296,240,,325
322,Carolina Panthers,DEF26,CAR,300.3,,264,362,275,,,
323,Drew Anderson,QB38,,301.0,,301,,,,,
324,Andrei Iosivas,WR108,CIN,301.8,233,,294,319,248,,346
325,Brashard Smith,RB87,KC,302.8,195,238,305,354,310,,307
326,Josh Adams,RB88,,303.0,,303,,,,,
327,Christian Kirk,WR109,SF,303.2,220,276,388,330,260,,262
328,Bryce Lance,WR110,NO,303.5,223,,383,278,249,,304
329,Phil Mafah,RB89,DAL,305.0,,,276,290,354,,300
330,Kaleb Johnson,RB90,PIT,305.4,236,222,283,337,335,,350
331,Kyle Williams,WR111,,306.0,,,,,306,,
332,Gabe Marks,WR112,,307.0,,307,,,,,
333,Malik Benson,WR113,LV,308.0,,,371,306,253,,302
334,Brett Gabbert,QB39,,309.0,,309,,,,,
335,Marquis Young,RB91,,311.0,,311,,,,,
336,Dalyn Dawkins,RB92,,312.0,,312,,,,,
337,Charlie Smyth,K21,NO,312.3,,338,345,267,,,299
338,Peter Pujals,QB40,,313.0,,313,,,,,
339,L.J. Scott,RB93,,314.0,,314,,,,,
340,KaVontae Turpin,WR114,DAL,315.3,324,,262,388,296,,
341,Matt Seybert,TE47,,316.0,,316,,,,,
342,Joshua Palmer,WR115,BUF,316.7,253,,377,307,266,,
343,J.J. McCarthy,QB41,MIN,317.0,259,233,315,399,321,,
344,Alex Wesley,WR116,,317.0,,317,,,,,
345,Chimere Dike,WR117,TEN,318.4,219,245,384,329,281,,353
346,Elic Ayomanor,WR118,TEN,318.8,213,275,418,315,265,,321
347,Tyree Mayfield,TE48,,319.0,,319,,,,,
348,Tyler Higbee,TE49,LAR,319.7,305,,331,288,340,,
349,Aleva Hifo,WR119,,320.0,,320,,,,,
350,Trey Smack,K22,GB,320.8,,439,287,274,,,283
351,Justin Fields,QB42,KC,321.3,262,,317,361,286,,
352,Dawson Knox,TE50,BUF,321.8,270,,323,366,258,,340
353,Jalen Hurd,WR120,,322.0,,322,,,,,
354,Cole Kmet,TE51,CHI,322.8,271,,327,376,271,,317
355,Reggie White,WR121,,323.0,,323,,,,,
356,Kyle Shurmur,QB43,,324.0,,324,,,,,
357,Brenen Thompson,WR122,LAC,324.8,313,,410,314,261,,314
358,Trevor Etienne,RB94,CAR,325.5,245,,279,336,314,,373
359,Trayone Gray,RB95,,326.0,,326,,,,,
360,Trenton Cannon,RB96,,330.0,,330,,,,,
361,Skyler Bell,WR123,BUF,330.3,224,,406,310,272,,333
362,Dexter Williams,RB97,,331.0,,331,,,,,
363,Darius Bradwell,RB98,,332.0,,332,,,,,
364,Kyle Williams,WR124,NE,332.3,290,229,420,348,,,
365,Tennessee Titans,DEF27,TEN,334.3,,340,360,303,,,
366,Colbie Young,WR125,CIN,334.3,,,382,341,280,,
367,Zavion Thomas,WR126,CHI,334.8,285,,391,345,259,,344
368,Devin Gray,WR127,,336.0,,336,,,,,
369,Kendrick Bourne,WR128,ARI,336.3,282,,370,351,288,,
370,Isaiah Bond,WR129,CLE,336.3,273,,400,320,289,,
371,Reggie Diggs,WR130,,337.0,,337,,,,,
372,Treylon Burks,WR131,WAS,337.5,282,,375,291,316,,368
373,Joe Flacco,QB44,CIN,337.7,326,,318,391,304,,
374,Jawhar Jordan,RB99,HOU,338.3,317,,282,340,397,,334
375,Eric Dungey,QB45,,339.0,,339,,,,,
376,Noah Gray,TE52,KC,341.8,284,,329,419,303,,316
377,Oscar Delp,TE53,NO,342.5,273,,432,327,299,,312
378,Hollywood Brown,WR132,PHI,342.7,239,,395,350,283,,
379,Zonovan Knight,RB100,ARI,343.0,350,,306,380,,,
380,Seth Green,TE54,,344.0,,344,,,,,
381,Ashton Dulin,WR133,IND,345.7,328,,401,309,327,,
382,Luke Falk,QB46,,346.0,,346,,,,,
383,Alonzo Moore,WR134,,347.0,,347,,,,,
384,Tutu Atwell,WR135,MIA,347.3,300,,295,436,311,,
385,Jalen Morton,QB47,IND,348.0,,348,,,,,
386,Trevon Bradford,WR136,,349.0,,349,,,,,
387,Mac Jones,QB48,SF,349.3,259,,319,412,305,,361
388,Roman Wilson,WR137,PIT,350.0,338,,404,347,277,,372
389,Jordan Whittington,WR138,LAR,350.3,305,,399,355,309,,338
390,Max Klare,TE55,LAR,350.4,228,292,332,493,312,,323
391,De'Quan Hampton,WR139,,351.0,,351,,,,,
392,Chad Williams,WR140,,352.0,,352,,,,,
393,Matt Gay,K23,LV,353.0,,327,353,379,,,
394,Brandon Aiyuk,WR141,SF,353.8,238,299,567,333,285,,285
395,Josh Babicz,TE56,,355.0,,355,,,,,
396,Devontez Walker,WR142,BAL,358.0,332,,379,401,294,,
397,Calvin Austin,WR143,NYG,358.0,216,,439,322,313,,
398,Luke McCaffrey,WR144,WAS,359.0,217,,428,324,324,,360
399,Riley Patterson,K24,MIA,359.8,,335,352,389,,,363
400,Vyncint Smith,WR145,,360.0,,360,,,,,
401,Josh Doctson,WR146,,360.0,,,,,360,,
402,Brian Lewerke,QB49,,362.0,,362,,,,,
403,Mack Hollins,WR147,NE,362.3,243,,407,349,331,,
404,Jason Moore,WR148,,363.0,,363,,,,,
405,Frank Gore,RB101,,363.0,,,,,363,,
406,Josh Ferguson,RB102,,365.0,,365,,,,,
407,Kalif Raymond,WR149,CHI,366.0,325,,372,425,301,,
408,Joe Reed,WR150,,366.0,,,,,366,,
409,Jayden Higgins,WR151,HOU,366.8,115,148,719,367,674,152,141
410,Dres Anderson,WR152,,367.0,,367,,,,,
411,C.J. Daniels,WR153,LAR,367.5,,,452,342,334,,342
412,Tyler Hoosman,RB103,,371.0,,371,,,,,
413,Stanley Morgan,WR154,,371.0,,,,,371,,
414,Tez Johnson,WR155,TB,371.3,222,,421,402,291,,
415,Armanti Foreman,WR156,,372.0,,372,,,,,
416,Greg Dortch,WR157,DET,372.0,340,,440,386,290,,
417,KeAndre Lambert-Smith,WR158,LAC,372.5,,,430,,315,,
418,Arizona Cardinals,DEF28,ARI,373.3,,345,367,408,,,
419,Davis Webb,QB50,,374.0,,374,,,,,
420,Olamide Zaccheaus,WR159,ATL,374.0,246,,398,394,330,,
421,Snoop Conner,RB104,,374.0,,,,,374,,
422,Miami Dolphins,DEF29,MIA,375.0,,375,368,382,,,
423,Julio Jones,WR160,,375.0,,,,,375,,
424,Demarcus Robinson,WR161,SF,376.0,341,,455,416,264,,369
425,Devin Neal,RB105,NO,377.6,241,213,738,326,268,,343
426,Chase Daniel,QB51,,378.0,,378,,,,,
427,Las Vegas Raiders,DEF30,LV,378.3,,353,365,417,,,
428,Sam Sloman,K25,,379.0,,379,,,,,
429,Malik Davis,RB106,DAL,381.3,268,,632,311,292,,290
430,Noah Gindorff,TE57,,382.0,,382,,,,,
431,Sefo Liufau,QB52,,383.0,,383,,,,,
432,Noah Fant,TE58,NO,383.3,294,,392,370,388,,
433,Emmanuel Sanders,WR162,,387.0,,387,,,,,
434,Washington Commanders,DEF31,WAS,387.0,,,363,411,,,
435,Joey Slye,K26,TEN,387.7,,436,355,372,,,
436,Josh Oliver,TE59,MIN,387.7,,,386,381,396,,
437,Jacob Dolegala,QB53,,388.0,,388,,,,,
438,Chad Ryland,K27,ARI,388.0,,434,356,374,,,
439,Tyreek Hill,WR163,,388.2,247,216,837,357,252,,279
440,Trey Benson,RB107,ARI,388.4,236,308,681,335,317,,301
441,Justin Joly,TE60,DEN,388.8,291,,453,463,298,,341
442,D'Eriq King,QB54,,390.0,,390,,,,,
443,Peewee Jarrett,QB55,,391.0,,391,,,,,
444,Graham Adomitis,TE61,,392.0,,392,,,,,
445,Jahdae Walker,WR164,CHI,394.0,,,473,422,287,,
446,Daniel Bellinger,TE62,TEN,394.5,,,,403,386,,
447,Valdez Showers,WR165,,395.0,,395,,,,,
448,Malcolm Epps,TE63,,397.0,,397,,,,,
449,Elijah Higgins,WR166,ARI,397.3,,,380,428,384,,
450,Ryan Coe,K28,,398.0,,398,,,,,
451,Braxton Burmeister,WR167,,399.0,,399,,,,,
452,Damarea Crockett,RB108,,400.0,,400,,,,,
453,Hale Hentges,TE64,,401.0,,401,,,,,
454,Jaylen Smith,WR168,,402.0,,402,,,,,
455,Devin Singletary,RB109,NYG,402.0,195,,549,339,350,,370
456,Tommy Tremble,TE65,CAR,402.7,,,333,405,470,,
457,Elliott Fry,K29,,403.0,,403,,,,,
458,Luke Musgrave,TE66,GB,403.0,298,,437,439,333,,
459,Ja'Tavion Sanders,TE67,CAR,403.3,276,,328,400,482,,
460,James Turner,K30,,404.0,,404,,,,,
461,Andre Szmyt,K31,CLE,404.3,,422,357,434,,,
462,Aca'Cedric Ware,RB110,,405.0,,405,,,,,
463,Ryan Fitzgerald,K32,CAR,407.0,,429,354,438,,,
464,Jon Hilliman,RB111,,409.0,,409,,,,,
465,Wilton Speight,QB56,,412.0,,412,,,,,
466,Daniel George,WR169,,412.0,,,412,,,,
467,Austin Hooper,TE68,ATL,412.2,,521,334,383,469,,354
468,Ben Sinnott,TE69,WAS,412.7,,,413,424,401,,
469,Jordan Scarlett,RB112,MIA,413.0,,413,,,,,
470,Shawn Poindexter,WR170,,415.0,,415,,,,,
471,Mo Alie-Cox,TE70,IND,417.0,344,366,409,544,349,,
472,Maxx Williams,TE71,,417.0,,417,,,,,
473,Drew Estrada,WR171,,418.0,,418,,,,,
474,Jake Roh,TE72,,420.0,,420,,,,,
475,John Metchie,WR172,CAR,420.8,,,603,407,382,,291
476,Cole Murphy,K33,,421.0,,421,,,,,
477,Julian Williams,WR173,,424.0,,424,,,,,
478,Jalen Royals,WR174,KC,425.3,,,429,608,338,,326
479,Sam Schnee,WR175,,427.0,,427,,,,,
480,Eldridge Massington,WR176,NO,428.0,,428,,,,,
481,Dont'e Thornton,WR177,LV,428.0,,,,,428,,
482,Will Kacmarek,TE73,MIA,428.3,,,381,525,379,,
483,Kevin Coleman Jr.,WR178,MIA,428.5,322,,397,575,391,,351
484,Marcus Mariota,QB57,WAS,428.7,306,,342,535,409,,
485,Jackson Hawes,TE74,BUF,430.3,,506,411,410,394,,
486,Audric Estime,RB113,NO,430.8,297,260,682,377,404,,
487,Connor Neighbors,RB114,,431.0,,431,,,,,
488,Blake Haubeil,K34,,432.0,,432,,,,,
489,Odell Beckham,WR179,NYG,433.8,,,417,729,269,,320
490,Sione Vaki,RB115,DET,434.0,,,690,331,358,,357
491,Chase Roberts,WR180,LV,435.0,,435,,,,,
492,Nate Boerkircher,TE75,JAX,435.7,,,427,478,402,,
493,Mitch Van Vooren,WR181,,436.5,,408,,465,,,
494,Mike Harley,WR182,,436.5,,504,,,369,,
495,John Baron,K35,,437.0,,437,,,,,
496,Marlin Klein,TE76,HOU,437.3,,,469,524,319,,
497,Spencer Rattler,QB58,NO,439.3,,,467,441,410,,
498,Lil'Jordan Humphrey,WR183,DEN,440.7,,,559,418,345,,
499,Tyler Eifert,TE77,,441.0,,441,,,,,
500,Joel Stave,QB59,,442.0,,442,,,,,
501,Roschon Johnson,RB116,CHI,442.7,,,643,332,353,,
502,Tyler Bass,K36,BUF,443.0,,376,347,720,,,329
503,Tanner Koziol,TE78,JAX,443.0,,,463,473,393,,
504,Drew Sample,TE79,CIN,443.7,,,385,551,395,,
505,Barion Brown,WR184,NO,443.7,,,442,626,263,,
506,Carson Wentz,QB60,MIN,445.0,,,555,368,412,,
507,Tanner Hudson,TE80,CIN,445.3,,,402,398,536,,
508,M.J. McFarland,TE81,,447.0,,447,,,,,
509,Mitchell Tinsley,WR185,CIN,448.0,,,451,445,,,
510,Qadree Ollison,RB117,,448.0,,,,,448,,
511,Cade Stover,TE82,HOU,448.3,,,393,560,392,,
512,David Fales,QB61,,449.0,,449,,,,,
513,New York Jets,DEF32,NYJ,450.3,,356,298,697,,,
514,A.J. Ouellette,RB118,,451.0,,451,,,,,
515,RJ Maryland,TE83,GB,451.0,,,,451,,,
516,Alex Hale,K37,,452.0,,452,,,,,
517,Savon Scarver,WR186,,453.0,,453,,,,,
518,Germone Hopper,WR187,,454.0,,454,,,,,
519,Dyami Brown,WR188,WAS,454.3,339,,373,449,541,,
520,Jordan Thomas,TE84,,457.0,,457,,,,,
521,Anthony Ratliff-Williams,WR189,,460.0,,460,,,,,
522,Joe Bacci,RB119,,461.0,,461,,,,,
523,Nick Bawden,RB120,,463.0,,463,,,,,
524,Justin Stockton,RB121,,464.0,,464,,,,,
525,Lance Mason,TE85,PIT,464.0,,,,456,472,,
526,Michael Trigg,TE86,DAL,465.6,,295,792,480,390,,371
527,KJ Hill,WR190,LAC,466.0,,466,,,,,
528,Tre Watson,TE87,KC,467.0,,,,467,,,
529,Corey Coleman,WR191,,470.0,,470,,,,,
530,Sam Roush,TE88,CHI,470.0,,,472,470,468,,
531,Jibri Blount,TE89,,471.0,,471,,,,,
532,Caleb Shudak,K38,,472.0,,472,,,,,
533,Jack Podlesny,K39,,473.0,,473,,,,,
534,Mike Johnson,WR192,,474.0,,474,,,,,
535,Adam Choice,RB122,,475.0,,475,,,,,
536,Matthew Hibner,TE90,BAL,476.0,,,476,,,,
537,Ty Simpson,QB62,LAR,477.3,267,278,335,974,322,,
538,John Bates,TE91,WAS,477.3,,,394,567,471,,
539,Jaylon Moore,WR193,,477.5,,288,,,667,,
540,Chad Beebe,WR194,,479.0,,479,,,,,
541,Isaiah Williams,WR195,NYJ,481.7,,,374,732,339,,
542,Manny Wilkins,QB63,,482.0,,482,,,,,
543,Luke Schoonmaker,TE92,DAL,482.7,311,,408,698,342,,
544,Chandler Cox,RB123,,483.0,,483,,,,,
545,Jeremy Ruckert,TE93,NYJ,485.0,,,415,536,504,,
546,Andy Janovich,RB124,,486.0,,486,,,,,
547,Devine Ozigbo,RB125,,487.0,,321,,,653,,
548,Jaquarii Roberson,WR196,,488.0,,488,,,,,
549,Cade Klubnik,QB64,,488.0,,,488,,,,
550,Kareem Hunt,RB126,,489.5,301,,848,360,447,,303
551,Ray-Ray McCloud,WR197,CHI,489.7,,,533,563,373,,
552,Darrius Shepherd,WR198,,491.0,,491,,,,,
553,Jaylin Lane,WR199,WAS,491.3,259,,387,700,387,,
554,Taylor Bertolet,K40,,492.0,,492,,,,,
555,Tim Patrick,WR200,NYJ,492.3,,,553,427,497,,
556,Tim Cook,RB127,,493.0,,493,,,,,
557,Julian Allen,RB128,,494.0,,494,,,,,
558,Jimmy Horn Jr.,WR201,CAR,496.3,,,422,726,341,,
559,Vinny Anthony II,WR202,ATL,496.3,,,,570,572,,347
560,Nick Westbrook-Ikhine,WR203,IND,496.7,327,,434,713,343,,
561,Marshall Lang,TE94,MIN,497.0,,,,497,,,
562,Malachi Corley,WR204,CLE,498.8,,280,454,837,424,,
563,Javon Leake,RB129,,499.0,,499,,,,,
564,Ty Fryfogle,WR205,,500.0,,500,,,,,
565,Tyrell Shavers,WR206,BUF,501.5,,562,446,443,555,,
566,Patrick Murtagh,TE95,,503.0,,503,,,,,
567,Isaac Guerendo,RB130,SF,503.0,231,,304,939,405,,364
568,Shawn Bowman,TE96,ARI,503.0,,,,503,,,
569,Zach Ertz,TE97,,504.3,,,869,358,460,,330
570,Van Jefferson,WR207,WAS,504.3,,,570,420,523,,
571,Matt Ammendola,K41,,505.0,,505,,,,,
572,JJ Galbreath,TE98,IND,507.0,,,,507,,,
573,Leonard Fournette,RB131,,507.5,,648,,,367,,
574,Derrick Dillon,WR208,,508.0,,508,,,,,
575,Kerrith Whyte,RB132,GB,509.0,,509,,,,,
576,Jarquez Hunter,RB133,LAR,509.8,295,269,722,782,420,,356
577,James McCourt,K42,,510.0,,510,,,,,
578,Anthony Richardson,QB65,IND,511.7,253,,337,890,308,,
579,Darius Cooper,WR209,PHI,511.7,,,479,731,325,,
580,DeShon Williams,TE99,,512.0,,512,,,,,
581,Isaiah Hodgins,WR210,NYG,512.7,,,575,540,423,,
582,Collin Schlee,QB66,,513.0,,513,,,,,
583,Robert Henry Jr.,RB134,WAS,513.5,,587,,781,359,,327
584,Stephen Gosnell,WR211,BUF,514.0,,446,,582,,,
585,Will Shipley,RB135,PHI,515.3,299,,266,944,336,,
586,Jake Moody,K43,,515.5,,411,942,364,,,345
587,Mathieu Severance,RB136,,517.0,,517,,,,,
588,Kyle Juszczyk,RB137,SF,518.0,,,376,832,346,,
589,Ben Sims,TE100,MIA,518.5,,507,441,545,581,,
590,Kobe McCrary,RB138,,519.0,,519,,,,,
591,Ko Kieft,TE101,TB,519.3,,,464,530,564,,
592,Jaleel McLaughlin,RB139,DEN,519.5,296,,664,558,507,,349
593,Noah Brown,WR212,LV,519.8,,685,527,446,421,,
594,Jalen Simmons,RB140,,520.0,,520,,,,,
595,Mitchell Evans,TE102,CAR,521.0,,,724,421,418,,
596,Fred Trevillion,WR213,,522.0,,522,,,,,
597,Neil Pau'u,WR214,,523.0,,523,,,,,
598,Kaden Wetjen,WR215,PIT,523.7,,,501,639,431,,
599,Theo Wease Jr.,WR216,MIA,524.5,342,,746,692,352,,308
600,Jameis Winston,QB67,NYG,526.3,304,,336,920,323,,
601,David Sills,WR217,TB,527.0,,496,602,534,476,,
602,Ian Thomas,TE103,LV,527.0,,,485,539,557,,
603,Qadir Ismail,WR218,CHI,529.0,,525,,533,,,
604,Bryce Pierre,TE104,,529.0,,,,529,,,
605,Julian Fleming,WR219,,530.0,,530,,,,,
606,Josh Cameron,WR220,JAX,530.0,,,521,689,380,,
607,Jason Sanders,K44,NYJ,531.0,,,358,704,,,
608,Trevontae Hights,WR221,,532.0,,532,,,,,
609,Zack Kuntz,TE105,DAL,532.3,,,657,494,446,,
610,Deion Burks,WR222,IND,533.0,,,,660,406,,
611,Nick Chubb,RB141,,534.0,,,839,387,376,,
612,Reggie Virgil,WR223,ARI,534.7,,,489,637,478,,
613,Konata Mumpfield,WR224,LAR,537.3,245,,403,826,383,,
614,Foster Moreau,TE106,HOU,538.3,,760,424,547,422,,
615,Chris Brazzell II,WR225,CAR,538.8,219,489,778,694,378,,355
616,JJ Molson,K45,,539.0,,539,,,,,
617,Marquez Valdes-Scantling,WR226,DAL,539.0,,835,554,447,320,,
618,Jonnu Smith,TE107,,539.7,,,815,365,439,,
619,Mike Glennon,QB68,,540.0,,540,,,,,
620,Harold Spears,TE108,,541.0,,541,,,,,
621,Hunter Long,TE109,JAX,542.0,,,588,409,629,,
622,Taysom Hill,TE110,,542.7,347,,814,373,441,,
623,Tyrell Williams,WR227,,543.0,,543,,,,,
624,Ricky Pearsall,WR228,SF,543.2,,285,680,363,1147,,241
625,Raheim Sanders,RB142,CLE,543.7,351,,747,338,546,,
626,Mike Strachan,WR229,,544.0,,544,,,,,
627,Chris Moore,WR230,BAL,544.0,,,526,553,553,,
628,Kevin Austin,WR231,NO,544.7,,,708,395,531,,
629,AJ Dillon,RB143,CAR,544.8,,,568,908,368,,335
630,Bryan Edwards,WR232,,545.0,,545,,,,,
631,Richard Rodgers,TE111,,545.5,,358,,,733,,
632,Jacob Huesman,QB69,,546.0,,546,,,,,
633,Shae Wyatt,WR233,,548.0,,548,,,,,
634,Spencer Shrader,K46,IND,548.3,,467,1009,359,,,358
635,David Moore,WR234,CAR,549.0,,,551,546,550,,
636,Dominic Zvada,K47,NYG,550.0,,443,348,859,,,
637,Tyler Johnson,WR235,DAL,551.3,,678,569,426,532,,
638,Brevyn Spann-Ford,TE112,DAL,553.3,,,457,804,399,,
639,Nate Sudfeld,QB70,,554.5,,373,,,736,,
640,Jack Endries,TE113,CIN,555.3,,,783,502,381,,
641,DeShone Kizer,QB71,,556.0,,556,,,,,
642,Payne Durham,TE114,TB,556.5,,455,431,828,512,,
643,Devin Culp,TE115,TB,558.0,,,688,461,525,,
644,J'Mari Taylor,RB144,JAX,560.0,,,,783,337,,
645,Reggie Begelton,WR236,,561.0,,561,,,,,
646,Milton Wright,WR237,,563.0,,563,,,,,
647,DaMarkus Lodge,WR238,,564.0,,564,,,,,
648,Nick Muse,TE116,ATL,564.0,,,618,492,582,,
649,Shane Zylstra,TE117,BUF,564.7,,,599,532,563,,
650,Eric Wallace,TE118,,565.0,,565,,,,,
651,Preston Williams,WR239,,566.0,,566,,,,,
652,Luke Farrell,TE119,SF,566.8,,604,450,712,501,,
653,Ryan Willis,QB72,,567.0,,567,,,,,
654,Adam Trautman,TE120,DEN,567.0,,1106,405,413,344,,
655,Lance McCutcheon,WR240,TEN,567.0,,,,672,462,,
656,Alex McNulty,K48,,568.0,,568,,,,,
657,Mason Tipton,WR241,NO,568.3,,342,433,838,660,,
658,A.J. Green,WR242,,569.0,,569,,,,,
659,Stone Smartt,TE121,PHI,569.0,,,641,710,356,,
660,Younghoe Koo,K49,,570.0,,419,856,435,,,
661,Kehinde Oginni Hassan,TE122,,570.0,,570,,,,,
662,Rasheen Ali,RB145,BAL,570.0,,,308,936,466,,
663,Tyler Huntley,QB73,BAL,570.0,,,474,889,347,,
664,Bryan Thompson,WR243,,570.5,,542,,,599,,
665,Tyler Badie,RB146,DEN,571.0,,,309,893,511,,
666,Kyric McGowan,WR244,,571.0,,,,,571,,
667,Eric Rivers,WR245,TB,572.0,,,,670,474,,
668,Rivaldo Fairweather,TE123,ARI,572.3,,430,,474,813,,
669,Deante' Gray,WR246,,573.0,,573,,,,,
670,Austin Ekeler,RB147,,574.7,,,850,430,444,,
671,Jacob Saylors,RB148,DET,575.0,,,320,948,457,,
672,Devontres Dukes,WR247,,576.0,,576,,,,,
673,Davis Mills,QB74,HOU,576.7,,,482,833,415,,
674,Sincere McCormick,RB149,SF,576.7,,,704,565,461,,
675,Damion Willis,WR248,,579.0,,579,,,,,
676,Trinidad Chambliss,QB75,,579.0,,,,,579,,
677,Joe Mixon,RB150,,579.8,,204,836,385,894,,
678,Artavis Pierce,RB151,,580.0,,580,,,,,
679,Dylan Laube,RB152,LV,580.3,,,307,1007,427,,
680,Jerome Ford,RB153,WAS,580.3,292,,616,725,400,,
681,Brandon Silvers,QB76,,581.0,,581,,,,,
682,Montorie Foster,WR249,SEA,581.7,,675,,633,437,,
683,Tristan Vizcaino,K50,,582.0,,582,,,,,
684,Jeremy McNichols,RB154,WAS,582.0,,,540,706,500,,
685,Jacob Cowing,WR250,SF,582.3,,,514,797,436,,
686,Jarrett Stidham,QB77,DEN,582.7,,,338,996,414,,
687,Kenny Stills,WR251,,583.0,,583,,,,,
688,John Rhys Plumlee,QB78,,584.0,,571,,597,,,
689,Kyle Sloter,QB79,,584.0,,584,,,,,
690,Cole Burgess,WR252,PIT,584.0,,,,584,,,
691,TJ Sheffield,WR253,,585.0,,585,,,,,
692,Jeremiah Webb,WR254,NE,585.5,,602,,569,,,
693,Jermaine Terry,TE124,CLE,585.5,,661,,510,,,
694,Israel Abanikanda,RB155,DAL,585.7,,,652,777,328,,
695,Jake Briningstool,TE125,KC,586.0,,,,496,676,,
696,Nate Adkins,TE126,DEN,586.3,,828,425,554,538,,
697,Durham Smythe,TE127,BAL,587.0,,,419,840,502,,
698,Efton Chism,WR255,NE,587.0,,,518,814,429,,
699,Xavier Johnson,WR256,CIN,587.0,,,,587,,,
700,Seydou Traore,TE128,MIA,588.0,,526,786,526,514,,
701,Davis Allen,TE129,LAR,588.5,,973,423,423,535,,
702,Brandin Cooks,WR257,,588.7,,,871,444,451,,
703,Ryan Finley,QB80,,589.0,,589,,,,,
704,Tyson Bagent,QB81,CHI,589.0,,,343,1013,411,,
705,Scotty Washington,WR258,,590.0,,,,,590,,
706,Skyler Howard,QB82,SEA,591.0,,591,,,,,
707,Brevin Jordan,TE130,HOU,591.5,,710,590,527,539,,
708,Kayron Lynch-Adams,RB156,,592.0,,,,,592,,
709,Mason Pline,TE131,KC,592.5,,,,522,663,,
710,Brock Wright,TE132,DET,593.0,,1159,426,384,403,,
711,John Michael Gyllenborg,TE133,KC,593.3,,797,,508,475,,
712,Tyler Conklin,TE134,DET,595.5,,1064,468,415,435,,
713,Baylor Cupp,TE135,ARI,595.7,,586,716,485,,,
714,Chase Roberts,WR259,,596.0,,,,662,530,,
715,Jeff Smith,WR260,,596.5,,377,,,816,,
716,Jacques Patrick,RB157,,597.0,,,,,597,,
717,Matt Barkley,QB83,,598.5,,315,,,882,,
718,Scooter Harrington,TE136,,599.0,,599,,,,,
719,Demetris Robertson,WR261,,600.0,,600,,,,,
720,KJ Hamler,WR262,,600.0,,,,,600,,
721,Tommy DeVito,QB84,NE,601.0,,,341,972,490,,
722,Daniel Carlson,K51,,602.0,,,858,346,,,
723,Marcedes Lewis,TE137,,603.0,,514,816,457,625,,
724,Jaren Kanak,TE138,TEN,603.0,,664,780,495,473,,
725,Tip Reiman,TE139,ARI,603.7,,,481,835,495,,
726,Salvon Ahmed,RB158,CHI,604.8,,875,577,750,455,,367
727,Reggie Bonnafon,RB159,,605.0,,605,,,,,
728,Leonard Taylor,TE140,,605.0,,,,,605,,
729,Dean Connors,RB160,LAR,605.3,,724,,741,351,,
730,Hunter Luepke,RB161,DAL,605.3,,,416,892,508,,
731,Quinn Ewers,QB85,MIA,605.7,,,498,906,413,,
732,Nate McCrary,RB162,,606.0,,448,,,764,,
733,Trevon Grimes,WR263,,606.0,,606,,,,,
734,Antony Auclair,TE141,,607.0,,607,,,,,
735,Ben DiNucci,QB86,,607.0,,,,,607,,
736,Chris Manhertz,TE142,NYG,607.3,,822,500,542,565,,
737,Leroy Watson,TE143,,609.0,,,,,609,,
738,Darwin Thompson,RB163,,610.0,,610,,,,,
739,Cam Johnson,WR264,,611.0,,611,,,,,
740,Jakeem Grant,WR265,,611.0,,,,,611,,
741,Xavier Smith,WR266,LAR,612.0,,698,445,825,480,,
742,Jordan Watkins,WR267,SF,612.7,,,726,679,433,,
743,Derek Carrier,TE144,,614.0,,614,,,,,
744,Easop Winston,WR268,,614.0,,,,,614,,
745,Jordan Reed,TE145,,615.0,,615,,,,,
746,Kaden Davis,WR269,CHI,615.0,,,707,682,456,,
747,Maurice Alexander,WR270,CHI,615.3,,,642,596,608,,
748,Raheem Blackshear,RB164,DET,616.0,,,633,843,372,,
749,Kaden Smith,TE146,,616.0,,,,,616,,
750,James Washington,WR271,,617.0,,,,,617,,
751,Jake Verity,K52,,618.0,,618,,,,,
752,Kisean Johnson,WR272,GB,618.0,,,,618,,,
753,Zack Annexstad,QB87,,618.5,,426,,,811,,
754,Johnny Lumpkin,TE147,,618.5,,783,,,454,,
755,Graham Gano,K53,,619.0,,357,881,,,,
756,Colin Thompson,TE148,,619.0,,619,,,,,
757,Phillip Dorsett,WR273,LV,619.0,,,542,632,683,,
758,Eli Heidenreich,RB165,PIT,620.7,312,,787,746,329,,
759,Brandon Ross,RB166,,621.0,,621,,,,,
760,Jared Cook,TE149,,622.0,,622,,,,,
761,Deshaun Fenwick,RB167,,622.0,,,,,622,,
762,Kairee Robinson,RB168,,623.0,,623,,,,,
763,Luke Floriea,WR274,CLE,623.0,,,,623,,,
764,Nick Williams,WR275,DEN,623.0,,,,,623,,
765,Aaron Anderson,WR276,,623.7,,662,,620,589,,
766,Geronimo Allison,WR277,,624.0,,624,,,,,
767,Caleb Lohner,TE150,DEN,624.3,,,734,519,620,,
768,Pharaoh Brown,TE151,IND,625.0,,,563,555,757,,
769,Nick Kallerup,TE152,SEA,625.0,,,760,490,,,
770,Anthony Gould,WR278,IND,626.7,,,513,935,432,,
771,Dante Pettis,WR279,BUF,626.7,,,552,811,517,,
772,Garrett Dickerson,TE153,,627.0,,627,,,,,
773,Dan Villari,TE154,LAR,627.7,,458,,498,927,,
774,Trey Lance,QB88,LAC,628.3,,,459,1019,407,,
775,CJ Dippre,TE155,NE,628.5,,625,462,450,977,,
776,Myles Price,WR280,MIN,628.7,,,509,932,445,,
777,Derrick Willies,WR281,,629.0,,629,,,,,
778,Robert Tonyan,TE156,PIT,629.0,,1086,528,468,434,,
779,Justice Shelton-Mosley,WR282,,631.0,,631,,,,,
780,Khalil Herbert,RB169,SF,631.3,,,915,929,362,,319
781,Taj McGowan,RB170,,632.0,,632,,,,,
782,Tanner Morgan,QB89,,632.0,,,,,632,,
783,Austin Stogner,TE157,,632.5,,438,,,827,,
784,Dont'e Thornton Jr.,WR283,LV,632.5,272,,438,827,,,
785,Joe Royer,TE158,CLE,632.8,,1107,436,523,465,,
786,Roman Hemby,RB171,,633.7,,,,775,760,,366
787,Ryan Switzer,WR284,,634.0,,634,,,,,
788,Mecole Hardman,WR285,BUF,634.0,,912,548,711,365,,
789,Josh Williams,RB172,TB,634.0,,,322,774,806,,
790,Drew Stevens,K54,WAS,634.3,,692,350,861,,,
791,Mac Dalena,WR286,BUF,635.0,,459,,590,856,,
792,Arian Smith,WR287,NYJ,635.0,,,504,883,518,,
793,Shedrick Jackson,WR288,LV,635.5,,407,673,675,787,,
794,Drake Dabney,TE159,GB,636.0,,,773,499,,,
795,Cade Klubnik,QB90,NYJ,636.0,295,,,977,295,,
796,Elijah Cooks,WR289,CAR,636.3,,,669,589,651,,
797,Kevin Harris,RB173,,637.0,,,,,637,,
798,Lewis Bond,WR290,HOU,637.3,,1081,484,607,377,,
799,Cam Sutton,TE160,,638.0,,638,,,,,
800,Bryson Green,WR291,ARI,638.0,,,,638,,,
801,Samson Nacua,WR292,,638.0,,,,,638,,
802,Hunter Renfrow,WR293,,640.8,,487,810,404,862,,
803,Andrew Ogletree,TE161,IND,641.0,,,470,812,,,
804,Jason Bean,QB91,,642.0,,480,,,804,,
805,Diontae Spencer,WR294,,642.0,,642,,,,,
806,Micah Bernard,RB174,,642.0,,,,,642,,
807,Antonio Gibson,RB175,,643.0,,,894,432,603,,
808,John Jiles,WR295,,643.0,,,,643,,,
809,Kenyan Drake,RB176,,643.0,,,,,643,,
810,Johnathan Lloyd,WR296,,644.0,,644,,,,,
811,Teagan Quitoriano,TE162,ARI,644.0,,,613,505,814,,
812,Noah Whittington,RB177,HOU,644.3,,706,,352,875,,
813,Ty Chandler,RB178,NO,644.7,,,615,820,499,,
814,Darius Prince,WR297,,645.0,,645,,,,,
815,Derius Davis,WR298,LAC,645.3,,,444,925,567,,
816,Eli Pancol,WR299,IND,645.5,,,,622,669,,
817,Eric Saubert,TE163,SEA,645.8,,738,478,830,537,,
818,Jerod Evans,QB92,,646.0,,646,,,,,
819,Quintin Morris,TE164,JAX,646.0,,,628,795,515,,
820,Kenny Pickett,QB93,CAR,646.7,,,465,1022,453,,
821,Brittain Brown,RB179,CHI,646.7,,,623,742,575,,
822,Michael Carter,RB180,TEN,646.8,,1130,581,371,505,,
823,Javess Blue,WR300,,647.0,,647,,,,,
824,J.J. Taylor,RB181,,647.3,,310,902,,730,,
825,Kye Robichaux,RB182,DET,648.0,,552,,744,,,
826,Antwane Wells Jr.,WR301,ATL,648.0,,,,648,,,
827,Austin Mack,WR302,,648.0,,,,,648,,
828,Cedric Tillman,WR303,CLE,648.5,227,1173,497,396,528,,
829,Quincy Skinner,WR304,NYJ,649.0,,630,,668,,,
830,Stephen Gostkowski,K55,,649.0,,649,,,,,
831,Pete Guerriero,RB183,,649.0,,,,,649,,
832,Will Ferrin,K56,,650.0,,445,,855,,,
833,Brian Hoyer,QB94,,650.0,,450,,,850,,
834,Bryce Oliver,WR305,TEN,650.7,,524,706,722,,,
835,Patrick Laird,RB184,,651.0,,497,,,805,,
836,Tanner McLachlan,TE165,SF,651.3,,477,696,513,919,,
837,J.J. Arcega-Whiteside,TE166,,652.0,,652,,,,,
838,Riley Leonard,QB95,IND,652.0,343,,460,1009,487,,
839,Mario Williams,WR306,LAR,652.0,,,,604,700,,
840,Raleigh Webb,WR307,,652.0,,,,,652,,
841,Dylan Cantrell,TE167,,653.0,,653,,,,,
842,Keith Kirkwood,WR308,,653.0,,942,,,364,,
843,Tanner McKee,QB96,PHI,653.3,,,456,1016,488,,
844,Hayden Rucci,TE168,SF,654.0,,,765,486,711,,
845,Kylen Granson,TE169,TEN,654.5,,626,593,845,554,,
846,Henry Poggi,RB185,,655.0,,655,,,,,
847,Josh Cuevas,TE170,BAL,655.8,,1210,477,459,477,,
848,Mark Weisman,RB186,,656.0,,656,,,,,
849,Spencer Brown,RB187,,656.5,,529,,,784,,
850,Jalen Cropper,WR309,NO,657.5,,,712,603,,,
851,Dare Ogunbowale,RB188,LV,657.7,,,538,914,521,,
852,Mason Rudolph,QB97,PIT,657.7,,,539,1015,419,,
853,Blake Sims,QB98,,658.0,,658,,,,,
854,Josh Whyle,TE171,GB,659.0,,1198,471,541,426,,
855,Damien Martinez,RB189,GB,659.3,,,733,735,510,,
856,Lucas Krull,TE172,DEN,659.7,,,637,829,513,,
857,Brennan Eagles,WR310,,660.0,,660,,,,,
858,Drew Allar,QB99,PIT,660.2,293,1227,458,968,300,,348
859,Jack Stoll,TE173,CLE,660.3,,814,495,810,522,,
860,Jake Funk,RB190,,661.0,,557,,,765,,
861,Simi Fehoko,WR311,ARI,661.3,,,594,926,464,,
862,Julius Chestnut,RB191,TEN,661.3,,,626,1003,355,,
863,Andrew Beck,TE174,NYJ,662.0,,306,480,888,974,,
864,Dezmon Patmon,WR312,,662.0,,,,,662,,
865,Nikola Kalinic,TE175,CHI,662.3,,,635,469,883,,
866,Beaux Collins,WR313,ATL,662.5,,341,751,880,678,,
867,LaJohntay Wester,WR314,BAL,663.0,,,510,919,560,,
868,Jakobie Keeney-James,WR315,PIT,663.0,,,754,578,657,,
869,Jake Browning,QB100,TB,663.3,,,340,708,942,,
870,Andy Dalton,QB101,PHI,663.3,,,556,1017,417,,
871,David Blough,QB102,,663.5,,714,,,613,,
872,DeAndre Washington,RB192,,665.0,,559,,,771,,
873,Albert Okwuegbunam,TE176,LV,665.0,,,572,454,969,,
874,Jake Bobo,WR316,SEA,665.0,,,670,895,430,,
875,Eric McAlister,WR317,,665.0,,,,,665,,
876,Mitchell Trubisky,QB103,TEN,665.3,,,494,1010,492,,
877,Lorenzo Lingard,RB193,,665.5,,396,,,935,,
878,Travis Dye,RB194,,666.0,,666,,,,,
879,Junior Bergen,WR318,NYJ,667.0,,369,1013,579,707,,
880,Derek Carr,QB104,,667.0,,,867,,467,,
881,Le'Veon Moss,RB195,,667.5,,,,740,595,,
882,Cyrus Holder,WR319,,668.0,,668,,,,,
883,Ke'Shawn Williams,WR320,CIN,669.3,,577,515,916,,,
884,Josiah Deguara,TE177,SF,669.3,,,571,796,641,,
885,Nikko Remigio,WR321,KC,669.7,,,512,927,570,,
886,Roosevelt Nix,RB196,,670.0,,670,,,,,
887,Michael Gallup,WR322,,670.0,,,,,670,,
888,JuJu Smith-Schuster,WR323,,670.7,349,,842,429,741,,
889,K.J. Costello,QB105,,671.0,,671,,,,,
890,Dae'quan Wright,TE178,CLE,671.0,,,,520,822,,
891,Daijun Edwards,RB197,,671.0,,,,,671,,
892,Devin Duvernay,WR324,ARI,671.3,,,516,930,568,,
893,Dameon Pierce,RB198,PHI,671.3,333,,605,928,481,,
894,Micah Simon,WR325,CAR,672.0,,672,,,,,
895,Paul Richardson,WR326,,672.0,,,,,672,,
896,Laquon Treadwell,WR327,IND,672.3,,555,530,915,689,,
897,River Cracraft,WR328,,672.7,,,532,716,770,,
898,Jaxon Janke,WR329,,673.5,,334,,,1013,,
899,Shaq Roland,WR330,CHI,674.0,,674,,,,,
900,Cam Grandy,TE179,CIN,674.0,,,711,548,763,,
901,Kalel Mullings,RB199,TEN,674.0,,,725,763,534,,
902,Charlie Woerner,TE180,ATL,674.5,,880,486,816,516,,
903,Owen Wright,RB200,HOU,675.0,,,677,760,588,,
904,Zack Moss,RB201,,675.0,,,891,,459,,
905,Landon Rice,TE181,,676.0,,676,,,,,
906,Ameer Abdullah,RB202,JAX,676.3,,801,544,817,543,,
907,Tyrod Taylor,QB106,GB,676.3,348,957,461,803,484,,
908,Zamir White,RB203,SF,676.8,,842,607,901,357,,
909,Thomas Hennigan,WR331,,677.0,,677,,,,,
910,Marcus Yarns,RB204,,677.0,,,,,677,,
911,Quez Watkins,WR332,PHI,677.3,,,573,610,849,,
912,Zane Gonzalez,K57,,679.5,,,997,362,,,
913,Sal Cannella,TE182,,679.8,,531,1016,462,710,,
914,Connor Jessop,QB107,,680.0,,680,,,,,
915,Christopher Dunn,K58,,680.5,,416,945,,,,
916,Hassan Hall,RB205,,681.0,,,,,681,,
917,Bub Means,WR333,NO,681.3,,1141,684,448,452,,
918,E.J. Jenkins,TE183,PHI,682.0,,,714,471,861,,
919,Armani Rogers,TE184,,682.0,,,,,682,,
920,Hajj-Malik Williams,QB108,,683.0,,683,,,,,
921,Zach Wilson,QB109,NO,683.3,,,585,1025,440,,
922,Connor Heyward,TE185,LV,684.0,,900,448,902,486,,
923,Jalin Hyatt,WR334,NYG,684.0,,,647,896,828,,365
924,Jacoby Jones,WR335,WAS,684.0,,,768,600,,,
925,Jam Miller,RB206,NE,684.0,,,785,784,483,,
926,Feleipe Franks,TE186,CAR,684.3,,,596,891,566,,
927,Cam Camper,WR336,NYJ,684.5,,,,685,684,,
928,Jordan Hudson,WR337,,684.5,,,,690,679,,
929,Rodney Smith,RB207,,685.0,,,,,685,,
930,Samori Toure,WR338,PHI,685.3,,,620,595,841,,
931,Jalen Reagor,WR339,MIA,685.8,,535,505,721,982,,
932,Ted Ginn,WR340,,686.0,,686,,,,,
933,Terion Stewart,RB208,,686.0,,,,786,586,,
934,Kaden Prather,WR341,GB,686.3,,,732,691,636,,
935,Joe Milton,QB110,DAL,686.7,,,694,1018,348,,
936,Adrian Killins,RB209,DEN,687.0,,687,,,,,
937,Zaire Mitchell-Paden,TE187,NO,687.0,,,763,483,815,,
938,Stephen Anderson,TE188,,687.0,,,,,687,,
939,Craig Reynolds,RB210,WAS,688.0,,,564,952,548,,
940,Montrell Johnson,RB211,,688.0,,,,772,604,,
941,Nick Mullens,QB111,JAX,688.3,,970,339,1028,416,,
942,D'Ernest Johnson,RB212,TEN,688.5,,551,561,946,696,,
943,Josh Johnson,QB112,CIN,688.5,,688,558,1012,496,,
944,Grant Calcaterra,TE189,PHI,689.0,,1128,612,537,479,,
945,Will Levis,QB113,TEN,689.0,,,644,938,485,,
946,Russell Gage,WR342,,689.0,,,798,,580,,
947,Gunner Olszewski,WR343,NYG,689.7,,,560,819,690,,
948,Johnathon Johnson,WR344,,690.0,,690,,,,,
949,Sam Pitz,TE190,,691.0,,,,,691,,
950,Michael Bandy,WR345,DEN,691.3,,,523,699,852,,
951,Johnny Mundt,TE191,PHI,691.7,,,487,714,874,,
952,Mason Kinsey,WR346,TEN,691.7,,,525,900,650,,
953,Tre' McKitty,TE192,WAS,692.3,,469,,491,1117,,
954,Donovan Edwards,RB213,MIA,692.3,,,744,771,562,,
955,Donald Parham,TE193,,692.3,,,887,531,659,,
956,Benny Snell,RB214,,693.0,,601,,,785,,
957,Nate Wieting,TE194,,693.0,,693,,,,,
958,Alex McGough,QB114,,693.5,,476,,,911,,
959,Jimmy Holiday,WR347,KC,693.7,,718,772,591,,,
960,Zach Heins,TE195,,694.0,,694,,,,,
961,Zach Zenner,RB215,,695.0,,695,,,,,
962,Demetric Felton,RB216,,695.0,,,,,695,,
963,Giles Jackson,WR348,,696.0,,746,,,646,,
964,Aaron Fuller,WR349,,697.0,,697,,,,,
965,Noah Thomas,WR350,CIN,697.0,,903,,661,527,,
966,Blake Whiteheart,TE196,CLE,697.3,,,671,872,549,,
967,Ronnie Rivers,RB217,LAR,698.3,,,634,941,520,,
968,Jordan Akins,TE197,,698.5,,,796,,601,,
969,Devon Allen,WR351,,699.0,,490,,,908,,
970,Hunter Kampmoyer,TE198,,699.0,,699,,,,,
971,Coleman Owen,WR352,IND,699.0,,,774,624,,,
972,Jjay Mcafee,TE199,,700.0,,700,,,,,
973,Eric Gray,RB218,NYG,700.3,,,653,836,612,,
974,Will Howard,QB115,PIT,700.3,,,740,963,398,,
975,Brayden Narveson,K59,,700.5,,406,995,,,,
976,Patrick Carr,RB219,,701.0,,701,,,,,
977,Tarik Cohen,RB220,,701.0,,,,,701,,
978,Gage Larvadain,WR353,CLE,701.5,,,517,886,,,
979,James O'Shaughnessy,TE200,,702.0,,,,,702,,
980,Tyree Jackson,TE201,,702.3,,,882,479,746,,
981,Anthony Firkser,TE202,,702.7,,,802,564,742,,
982,Trevon Clark,WR354,,703.0,,703,,,,,
983,Harrison Wallace III,WR355,,703.7,,444,,631,1036,,
984,Alec Holler,TE203,,704.0,,704,,,,,
985,Derrick Gore,RB221,,704.0,,,,,704,,
986,D.J. Montgomery,WR356,IND,704.3,,883,601,628,705,,
987,Chris Freeman,K60,,705.0,,550,,860,,,
988,Charles Scarff,TE204,,705.0,,705,,,,,
989,Kameron Johnson,WR357,TB,705.0,,,503,907,,,
990,Julian Hicks,WR358,,705.5,,733,,678,,,
991,Sean McKeon,TE205,IND,706.0,,,904,511,703,,
992,Jackson Meeks,WR359,DET,707.8,,891,764,549,627,,
993,DeSean Jackson,WR360,,708.0,,708,,,,,
994,Taylen Green,QB116,CLE,708.0,,,782,957,385,,
995,Tommy Sweeney,TE206,,708.0,,,,,708,,
996,Gavin Bartholomew,TE207,MIN,709.3,,1013,723,516,585,,
997,Haynes King,QB117,CAR,711.0,,,,979,443,,
998,Gus Edwards,RB222,,711.3,,636,853,,645,,
999,Isaac Rex,TE208,,711.5,,628,,,795,,
1000,John FitzPatrick,TE209,,711.8,,394,931,701,821,,
1001,Durron Neal,WR361,,712.0,,712,,,,,
1002,Jerick McKinnon,RB223,,712.0,,,,,712,,
1003,Dalevon Campbell,WR362,LAC,712.5,,,776,649,,,
1004,Josh Rosen,QB118,,713.0,,713,,,,,
1005,Isaiah McKenzie,WR363,,713.0,,,,,713,,
1006,JaMycal Hasty,RB224,NE,713.7,,,576,813,752,,
1007,Caden Prieskorn,TE210,CAR,714.0,,,,481,947,,
1008,Lawrence Keys,WR364,,714.0,,,,642,786,,
1009,British Brooks,RB225,HOU,715.0,,,508,922,,,
1010,Anthony McFarland,RB226,,715.0,,,,,715,,
1011,Tai Felton,WR365,MIN,715.3,,1179,466,898,318,,
1012,Kurtis Rourke,QB119,SF,715.3,,,729,975,442,,
1013,Michael Woods,WR366,DEN,716.0,,518,932,717,697,,
1014,Ja'Quan Gardner,RB227,,716.0,,716,,,,,
1015,Trenton Irwin,WR367,SF,716.5,,590,566,798,912,,
1016,Cade York,K61,NYJ,717.3,,433,926,793,,,
1017,Courtney Jackson,WR368,TEN,717.5,,864,,571,,,
1018,Brandon Allen,QB120,NYG,718.0,,,536,992,626,,
1019,Jamaal Pritchett,WR369,NYJ,718.5,,,,625,812,,
1020,Jalen Milroe,QB121,SEA,718.7,,,721,1027,408,,
1021,Ben Yurosek,TE211,MIN,719.0,,,757,842,558,,
1022,Ben Mason,TE212,,719.0,,,,,719,,
1023,Malik Henry,WR370,,720.0,,720,,,,,
1024,Diego Pavia,QB122,,721.5,,,,994,449,,
1025,Marchie Murdock,WR371,,722.0,,722,,,,,
1026,Quintez Cephus,WR372,,722.0,,750,,,694,,
1027,Tyler Goodson,RB228,ATL,722.0,,,676,945,545,,
1028,Dillon Gabriel,QB123,CLE,722.0,,,720,953,493,,
1029,Gerald Everett,TE213,,722.0,,,826,,618,,
1030,Tru Edwards,WR373,LAR,722.0,,,,650,794,,
1031,Tay Martin,WR374,DET,723.8,,673,640,581,1001,,
1032,Payton Thorne,QB124,,724.0,,,,,724,,
1033,Cody White,WR375,SEA,724.8,,991,598,801,509,,
1034,Bud Sasser,WR376,,725.0,,725,,,,,
1035,Treyton Welch,TE214,NO,725.0,,,758,464,953,,
1036,Corey Clement,RB229,,725.0,,,,,725,,
1037,McCallan Castles,TE215,GB,725.5,,,,488,963,,
1038,Collin Hill,QB125,,726.0,,726,,,,,
1039,KhaDarel Hodge,WR377,SF,726.7,,,541,904,735,,
1040,John Samuel Shenker,TE216,,727.5,,,1005,,450,,
1041,Cornelius Johnson,WR378,BAL,727.7,,,686,655,842,,
1042,Emmanuel Henderson Jr,WR379,SEA,727.7,,,791,665,727,,
1043,Tucker Fisk,TE217,,727.7,,,966,847,370,,
1044,Xavier Restrepo,WR380,TEN,727.8,,1057,742,568,544,,
1045,SaRodorick Thompson,RB230,,728.0,,484,974,,726,,
1046,De'Mornay Pierson-El,WR381,,728.0,,728,,,,,
1047,Antoine Green,WR382,,728.3,,343,949,,893,,
1048,Jeshaun Jones,WR383,MIN,728.7,,,524,619,1043,,
1049,Lawrence Cager,TE218,WAS,728.7,,,580,515,1091,,
1050,D'Onta Foreman,RB231,,729.0,,291,847,,1049,,
1051,Chase Cota,WR384,,729.0,,495,963,,,,
1052,Stephen Carlson,TE219,CHI,729.0,,,562,518,1107,,
1053,Frank Gore Jr.,RB232,BUF,729.0,,,713,745,,,
1054,Kenny Golladay,WR385,,729.0,,,,,729,,
1055,C.J. Uzomah,TE220,,729.5,,,812,,647,,
1056,Jeff Wilson,RB233,,730.3,,603,820,,768,,
1057,Noah Cain,RB234,,731.0,,,,,731,,
1058,Dontae Fleming,WR386,MIN,731.5,,,,612,851,,
1059,Malik Cunningham,QB126,DET,731.8,,1022,665,646,594,,
1060,Ahmarean Brown,WR387,,732.0,,732,,,,,
1061,Chase Cota,WR388,,732.0,,,,,732,,
1062,Irv Smith,TE221,,733.0,,,833,,633,,
1063,Sterling Shepard,WR389,HOU,733.0,,,863,392,944,,
1064,Julian Hill,TE222,NE,733.3,,1020,666,707,540,,
1065,Myles Gaskin,RB235,,733.3,,384,827,,989,,
1066,Stevo Klotz,TE223,,733.5,,481,,,986,,
1067,Chris Carson,RB236,,733.5,,806,,,661,,
1068,Lucas Scott,RB237,BAL,734.0,,,,734,,,
1069,Zander Horvath,RB238,,734.0,,,,,734,,
1070,Jelani Woods,TE224,NYJ,734.7,,,608,512,1084,,
1071,Joe Webb,QB127,,735.0,,735,,,,,
1072,Nelson Agholor,WR390,,736.0,,,862,,610,,
1073,Cody Schrader,RB239,DEN,736.3,,,702,767,740,,
1074,Kyle Allen,QB128,BUF,737.0,,1001,490,966,491,,
1075,Byron Pringle,WR391,,737.0,,1011,,,463,,
1076,Irvin Charles,WR392,SEA,737.0,,,668,806,,,
1077,Rocky Lombardi,QB129,,737.0,,,,,737,,
1078,Zay Jones,WR393,HOU,737.5,,888,846,552,664,,
1079,Dante Miller,RB240,NYG,738.0,,,697,779,,,
1080,Dede Westbrook,WR394,,738.0,,,,,738,,
1081,Trey Palmer,WR395,NO,738.3,,,661,719,835,,
1082,Caullin Lacy,WR396,,738.5,,,,611,866,,
1083,Carl Tucker,TE225,,739.0,,739,,,,,
1084,Jaydn Ott,RB241,KC,739.3,,966,,754,498,,
1085,James Robinson,RB242,,739.5,,895,,,584,,
1086,Ricky White,WR397,SEA,740.3,,1034,731,644,552,,
1087,Kahale Warring,TE226,,741.0,,354,,,1128,,
1088,Joel Wilson,TE227,TEN,741.3,,359,,484,1381,,
1089,Xavier Weaver,WR398,ARI,741.8,,904,700,844,519,,
1090,Bucky Hodges,TE228,,742.0,,742,,,,,
1091,Tejhaun Palmer,WR399,NE,742.7,,,692,585,951,,
1092,Aaron Peck,TE229,,743.0,,743,,,,,
1093,Je'Quan Burton,WR400,,743.5,,598,,,889,,
1094,Lenny Krieg,K62,,743.5,,637,,850,,,
1095,Joshua Simon,TE230,ATL,743.5,,,,482,1005,,
1096,Juwann Winfree,WR401,HOU,743.5,,,,574,913,,
1097,James Gilbert,RB243,,744.0,,744,,,,,
1098,Clive Walford,TE231,,744.0,,,,,744,,
1099,Justin Watson,WR402,HOU,744.3,,1195,414,695,673,,
1100,Chandler Brayboy,WR403,JAX,744.5,,617,748,613,1000,,
1101,Anthony Tyus,RB244,CAR,744.7,,731,,737,766,,
1102,Corey Kiner,RB245,ARI,744.8,,597,745,879,758,,
1103,Austin Proehl,WR404,,745.0,,745,,,,,
1104,Casey Washington,WR405,CAR,745.0,,,685,718,832,,
1105,Ben Skowronek,WR406,PIT,746.5,,1016,502,899,569,,
1106,Gardner Minshew,QB130,ARI,746.8,345,1076,499,1023,389,,
1107,Jaylen Samuels,RB246,,747.0,,747,,,,,
1108,Thyrick Pitts,WR407,,747.0,,839,,,655,,
1109,Deion Hankins,RB247,,747.0,,,,747,,,
1110,Bauer Sharp,TE232,TB,747.7,,,784,455,1004,,
1111,Vincent Testaverde,QB131,,748.0,,748,,,,,
1112,Brock Lampe,RB248,SEA,748.0,,,,748,,,
1113,Jared Wayne,WR408,HOU,748.3,,1100,715,602,576,,
1114,Dallen Bentley,TE233,DEN,748.3,,,790,476,979,,
1115,Dante Wright,WR409,,749.0,,749,,,,,
1116,Phillip Lindsay,RB249,,749.0,,,,,749,,
1117,Jalen Brooks,WR410,ARI,749.8,,1165,522,887,425,,
1118,Penny Hart,WR411,,750.0,,,,,750,,
1119,Danny Etling,QB132,,751.0,,751,,,,,
1120,Jared Wiley,TE234,KC,751.3,,810,683,466,1046,,
1121,James Butler,RB250,,752.0,,752,,,,,
1122,ShunDerrick Powell,RB251,,752.0,,,,752,,,
1123,Sammis Reyes,TE235,,752.5,,866,,,639,,
1124,Jimmy Williams,WR412,,753.0,,753,,,,,
1125,Jacolby George,WR413,,753.5,,516,,,991,,
1126,Moliki Matavao,TE236,NO,753.7,,,736,509,1016,,
1127,Siaosi Mariner,WR414,,754.0,,754,,,,,
1128,Travis Homer,RB252,PIT,754.3,,515,550,1006,946,,
1129,Aaron Parker,WR415,,755.0,,755,,,,,
1130,Trent Sherfield,WR416,BUF,755.5,,1031,529,903,559,,
1131,Keleki Latu,TE237,BUF,755.7,,,759,489,1019,,
1132,Valentine Holmes,RB253,,756.0,,756,,,,,
1133,Desmond Reid,RB254,,756.0,,,,736,776,,
1134,Duke Williams,WR417,,756.0,,,,,756,,
1135,Pierre Strong,RB255,GB,756.5,,1101,611,808,506,,
1136,Garrett Groshek,RB256,,757.0,,757,,,,,
1137,Troy Hairston,RB257,,757.5,,,938,,577,,
1138,Mason Shipley,K63,,758.0,,665,,851,,,
1139,Drew Lock,QB133,SEA,760.5,,1178,492,934,438,,
1140,Tylan Wallace,WR418,CLE,761.3,,1028,592,874,551,,
1141,Dareke Young,WR419,LV,761.5,,1061,520,918,547,,
1142,Zimari Manning,WR420,,762.0,,762,,,,,
1143,Keelan Doss,WR421,,762.0,,870,,,654,,
1144,Malachi Jones,WR422,,764.0,,764,,,,,
1145,Nate Carter,RB258,ATL,765.0,,,750,780,,,
1146,Jalen Virgil,WR423,,765.0,,,937,580,778,,
1147,Bo Scarbrough,RB259,,766.0,,766,,,,,
1148,Ryan Tannehill,QB134,,766.5,,819,,,714,,
1149,Alec Ingold,RB260,LAC,766.8,,723,435,931,978,,
1150,O.J. Howard,TE238,,767.0,,,,,767,,
1151,Gabe Davis,WR424,,767.3,,,897,406,999,,
1152,Neal Johnson,TE239,,767.5,,849,,,686,,
1153,Eli Stove,WR425,,768.0,,768,,,,,
1154,Malik Heath,WR426,ATL,768.3,,,962,566,777,,
1155,Miller Forristall,TE240,,769.0,,393,,,1145,,
1156,Eric Tomlinson,TE241,,769.0,,639,801,,867,,
1157,Jalen Greene,WR427,,769.0,,769,,,,,
1158,Jason Huntley,RB261,,769.0,,,,,769,,
1159,Jalon Calhoun,WR428,,769.5,,788,,,751,,
1160,Chris Hilton Jr.,WR429,,769.5,,,,636,903,,
1161,Charles Clay,TE242,,770.0,,770,,,,,
1162,Jamal Haynes,RB262,,770.0,,,,770,,,
1163,Xavier Gipson,WR430,NYG,770.3,,667,667,947,800,,
1164,Nick Vogel,K64,,771.0,,771,,,,,
1165,Skyy Moore,WR431,GB,772.8,,1127,519,884,561,,
1166,Chris Blair,WR432,ATL,773.0,,852,678,663,899,,
1167,Deven Thompkins,WR433,LV,773.0,,890,625,909,668,,
1168,Matt Prater,K65,,773.0,,1049,880,390,,,
1169,Avery Williams,RB263,,773.5,,,916,,631,,
1170,Patrick Ricard,RB264,NYG,774.0,,,496,950,876,,
1171,Hendon Hooker,QB135,TEN,774.0,,,645,984,693,,
1172,Jadon Janke,WR434,,774.0,,,,,774,,
1173,Geoff Swaim,TE243,,774.5,,,851,,698,,
1174,Jamaal Williams,RB265,,774.5,,,857,,692,,
1175,Travis Benjamin,WR435,,775.0,,775,,,,,
1176,Tyler McCloskey,RB266,,776.0,,776,,,,,
1177,Ben Sauls,K66,NYG,777.0,,456,1018,857,,,
1178,Mason Crosby,K67,,777.0,,777,,,,,
1179,Clyde Edwards-Helaire,RB267,,777.0,,,888,,666,,
1180,Brayden Willis,TE244,SF,777.3,,,662,897,773,,
1181,Tyler Lockett,WR436,,777.7,,,859,437,1037,,
1182,Darrell Henderson,RB268,,778.0,,876,,,680,,
1183,Troy Fumagalli,TE245,,778.5,,528,,,1029,,
1184,Brandon McManus,K68,,778.7,,1093,874,369,,,
1185,Trace McSorley,QB136,,779.0,,,,,779,,
1186,Josh Reynolds,WR437,,779.3,,,811,433,1094,,
1187,Thomas Fidone II,TE246,NYG,779.7,,,728,452,1159,,
1188,J.J. Jones,WR438,,780.0,,780,,,,,
1189,Cameron Latu,TE247,PHI,781.0,,1044,648,876,556,,
1190,Deion Burks (Duplicate),WR439,,781.0,,,781,,,,
1191,DeAndre Carter,WR440,,781.0,,,800,937,606,,
1192,Bailey Gaither,WR441,,781.0,,,,,781,,
1193,Ito Smith,RB269,DAL,782.0,,782,,,,,
1194,Tre Nixon,WR442,,782.0,,,,,782,,
1195,Zach Pascal,WR443,,782.7,,773,795,,780,,
1196,Richie James,WR444,,783.0,,,,,783,,
1197,Parris Campbell,WR445,,783.5,,410,831,703,1190,,
1198,Racey McMath,WR446,,783.5,,613,,,954,,
1199,Joseph Ngata,WR447,,783.7,,596,959,,796,,
1200,Brennan Presley,WR448,LAR,784.0,,901,775,615,845,,
1201,Kentrel Bullock,RB270,CIN,785.0,,805,,765,,,
1202,Tahj Washington,WR449,MIA,785.0,,,691,671,993,,
1203,Carlos Washington,RB271,MIA,785.0,,,710,788,857,,
1204,Miles Sanders,RB272,,785.3,,560,828,397,1356,,
1205,Lucky Jackson,WR450,DET,785.3,,1007,,693,656,,
1206,Ian Wheeler,RB273,BUF,785.5,,816,,755,,,
1207,Malik Flowers,WR451,,786.0,,381,,,1191,,
1208,Damien Caffrey,TE248,,786.0,,786,,,,,
1209,Teddy Bridgewater,QB137,,786.0,,,876,988,494,,
1210,DJ Turner,WR452,,786.3,,,935,702,722,,
1211,Gerrid Doaks,RB274,,788.0,,877,,,699,,
1212,DeMeer Blankumsee,WR453,,788.0,,,,,788,,
1213,Jordan Travis,QB138,,788.5,,,984,,593,,
1214,Jack Plummer,QB139,,789.0,,707,,,871,,
1215,Vincent Blanchard,K69,,789.0,,789,,,,,
1216,Thomas Odukoya,TE249,,789.5,,,996,,583,,
1217,Ronnie Brown,RB275,,790.0,,790,,,,,
1218,Joshua Dobbs,QB140,DET,790.5,,1174,475,1024,489,,
1219,CJ Verdell,RB276,,791.0,,791,,,,,
1220,Brandon Smith,WR454,PIT,791.0,,894,624,651,995,,
1221,Jalen Walthall,WR455,,791.3,,537,,635,1202,,
1222,Zach Davidson,TE250,,791.3,,855,917,,602,,
1223,Princeton Fant,TE251,DAL,791.3,,,672,506,1196,,
1224,Sam Brown,WR456,,792.0,,,,,792,,
1225,Brayden Lenius,TE252,,793.0,,793,,,,,
1226,Robbie Ouzts,TE253,SEA,793.0,,796,739,696,941,,
1227,Lee Smith,TE254,ATL,793.0,,,,,793,,
1228,George Aston,RB277,,794.0,,794,,,,,
1229,Brandon Johnson,WR457,LV,794.0,,845,639,617,1075,,
1230,Justyn Ross,WR458,,794.7,,478,934,,972,,
1231,Sam Howell,QB141,DAL,794.7,,,344,978,1062,,
1232,TD Ayo-Durojaiye,RB278,,795.0,,795,,,,,
1233,Trevor Siemian,QB142,,795.0,,,817,981,587,,
1234,Jabari Small,RB279,DET,796.3,,465,,738,1186,,
1235,Tyrie Cleveland,WR459,,797.0,,,,,797,,
1236,Brandon Powell,WR460,,798.0,,,794,,802,,
1237,Blake Bell,TE255,,798.0,,,,,798,,
1238,Brenden Bates,TE256,CLE,798.3,,,701,723,971,,
1239,Joshua Karty,K70,,798.7,,1025,978,393,,,
1240,Xavier Turner,RB280,,799.0,,799,,,,,
1241,Daniel Arias,WR461,,799.0,,,,,799,,
1242,Kearis Jackson,WR462,,799.5,,,964,,635,,
1243,Gary Brightwell,RB281,CIN,799.8,,709,589,753,1148,,
1244,Marcus Simms,WR463,,800.0,,800,,,,,
1245,Brycen Tremayne,WR464,CAR,800.0,,,491,831,1078,,
1246,Cooper Rush,QB143,ATL,800.5,,781,537,1020,864,,
1247,Garrett Greene,QB144,TB,800.5,,935,,666,,,
1248,DeeJay Dallas,RB282,JAX,801.0,,1072,321,951,860,,
1249,Cam Sims,WR465,,801.0,,,,,801,,
1250,Adam Prentice,RB283,DEN,801.3,,,447,949,1008,,
1251,Case Keenum,QB145,CHI,801.5,,717,557,976,956,,
1252,Ramel Keyton,WR466,,801.7,,289,993,,1123,,
1253,Tyre Brady,WR467,,803.0,,803,,,,,
1254,Cephus Johnson,WR468,,803.0,,,,,803,,
1255,DJ Rogers,TE257,DAL,803.5,,,,458,1149,,
1256,Cole Turner,TE258,MIA,803.7,,,614,514,1283,,
1257,Alize Mack,TE259,,804.0,,804,,,,,
1258,Jason Brownlee,WR469,KC,804.0,,,663,652,1097,,
1259,Jaheim Bell,TE260,PIT,805.0,,,693,557,1165,,
1260,K.J. Osborn,WR470,TEN,806.7,,,574,709,1137,,
1261,Hunter Bryant,TE261,,807.0,,,,,807,,
1262,MyCole Pruitt,TE262,,808.0,,325,806,,1293,,
1263,Giovanni Ricci,TE263,,808.0,,730,922,,772,,
1264,Chris Blewitt,K71,,808.0,,808,,,,,
1265,Joaquin Davis,WR471,PIT,808.0,,969,,647,,,
1266,Justin Johnson,TE264,,808.0,,,,,808,,
1267,Keilan Robinson,RB284,,808.5,,,983,,634,,
1268,Danny Gray,WR472,PHI,808.8,,815,609,645,1166,,
1269,Alexander Mattison,RB285,,808.8,,817,835,442,1141,,
1270,Dedrick Mills,RB286,,809.0,,809,,,,,
1271,Jashaun Corbin,RB287,DAL,809.0,,,,778,840,,
1272,Kristian Wilkerson,WR473,,809.3,,594,908,664,1071,,
1273,Melvin Gordon,RB288,,809.5,,829,,,790,,
1274,Roc Taylor,WR474,CAR,810.0,,,,614,1006,,
1275,Graham Mertz,QB146,HOU,810.5,,651,727,986,878,,
1276,Quentin Skinner,WR475,BUF,810.5,,736,767,606,1133,,
1277,Johnny Stanton,RB289,,811.0,,811,,,,,
1278,Jimmy Graham,TE265,,812.0,,812,,,,,
1279,Nick Vannett,TE266,SEA,812.3,,1003,531,440,1275,,
1280,Tanner Conner,TE267,NYG,812.3,,,629,728,1080,,
1281,Luke Lachey,TE268,,812.3,,,1012,487,938,,
1282,Montrell Washington,WR476,,812.5,,620,933,572,1125,,
1283,Zach Horton,TE269,DET,813.0,,1166,769,504,,,
1284,Carter Runyon,TE270,LV,813.0,,,756,870,,,
1285,Kedon Slovis,QB147,ARI,813.8,,609,762,960,924,,
1286,Dan Chisena,WR477,CAR,814.0,,798,578,727,1153,,
1287,Jahmal Banks,WR478,,815.0,,990,,,640,,
1288,Isaiah Neyor,WR479,GB,815.3,,1056,743,653,809,,
1289,Cody Thompson,WR480,,816.7,,502,925,,1023,,
1290,Greg Bell,RB290,,817.0,,,,,817,,
1291,Chris Collier,RB291,LV,817.3,,,717,848,887,,
1292,Trevon Wesco,TE271,,817.5,,882,,,753,,
1293,Riley Ridley,WR481,,818.0,,818,,,,,
1294,Ryan Griffin,TE272,,818.0,,,818,,,,
1295,Deon Jackson,RB292,,818.0,,,,,818,,
1296,Louis Rees-Zammit,RB293,,818.5,,650,987,,,,
1297,Jacob Warren,TE273,,819.5,,380,,,1259,,
1298,Marcus Riley,WR482,,820.0,,820,,,,,
1299,Mitchell Wilcox,TE274,,820.5,,,921,,720,,
1300,Blake Bortles,QB148,NO,821.0,,821,,,,,
1301,Zavier Scott,WR483,MIN,822.5,,1182,752,823,533,,
1302,Monte Pottebaum,RB294,,823.0,,823,,,,,
1303,Chris Evans,RB295,,824.0,,,,,824,,
1304,Ke'Shawn Vaughn,RB296,,824.5,,,890,,759,,
1305,Jarvis Landry,WR484,,825.0,,328,,,1322,,
1306,Jay Lee,WR485,,825.0,,825,,,,,
1307,Austin Seibert,K72,,825.0,,,825,,,,
1308,Trey Burton,TE275,,825.0,,,,,825,,
1309,Chris Oladokun,QB149,KC,825.3,,,622,989,865,,
1310,Malcolm Brown,RB297,,826.0,,,,,826,,
1311,Ryan Miller,WR486,NYG,826.8,,669,675,871,1092,,
1312,Jared Rice,TE276,,827.0,,827,,,,,
1313,Bo Melton,WR487,GB,827.0,,1192,443,846,,,
1314,Will Dissly,TE277,,827.7,,,840,431,1212,,
1315,Elijah Moore,WR488,PHI,828.0,,1231,583,543,955,,
1316,Ja'Seem Reed,WR489,CAR,828.5,,1065,,592,,,
1317,Reid Sinnett,QB150,,829.0,,,,,829,,
1318,Terrace Marshall,WR490,MIA,829.3,,934,584,733,1066,,
1319,Brenden Rice,WR491,,829.7,,,981,688,820,,
1320,Nyheim Hines,RB298,,830.0,,,830,,,,
1321,Austin Jones,RB299,,830.0,,,,,830,,
1322,BJ Baylor,RB300,,831.0,,831,,,,,
1323,Nick Nash,WR492,WAS,832.7,,,741,599,1158,,
1324,Changa Hodge,WR493,,833.0,,833,,,,,
1325,Bryant Koback,RB301,,833.0,,1008,,,658,,
1326,Jacob Hollister,TE278,,833.0,,,,,833,,
1327,Kendall Milton,RB302,CIN,833.3,,,709,751,1040,,
1328,Kene Nwangwu,RB303,NYJ,835.0,,,303,917,1285,,
1329,Ihmir Smith-Marsette,WR494,ARI,835.0,,,591,800,1114,,
1330,James Mitchell,TE279,CAR,835.0,,,619,477,1409,,
1331,Jordan Waters,RB304,LAR,835.5,,,,762,909,,
1332,Adrian Coxson,WR495,,836.0,,836,,,,,
1333,Ainias Smith,WR496,,836.3,,,982,561,966,,
1334,Devin Leary,QB151,,836.7,,640,985,,885,,
1335,Kobe Hudson,WR497,,837.0,,,,,837,,
1336,Jordan Matthews,TE280,,837.3,,511,823,,1178,,
1337,CJ Donaldson,RB305,NO,837.3,,572,,790,1150,,
1338,Jaret Patterson,RB306,LAC,837.5,,1070,597,562,1121,,
1339,Kelly Akharaiyi,WR498,,838.0,,,,,838,,
1340,Kenny Yeboah,TE281,,838.3,,,918,538,1059,,
1341,Keandre Lambert-Smith (duplicate),WR499,LAC,839.0,,,,839,,,
1342,Jalin Conyers,TE282,,841.0,,,,521,1161,,
1343,Boston Scott,RB307,,841.5,,1105,,,578,,
1344,Easton Stick,QB152,IND,841.8,,549,547,985,1286,,
1345,Ian Book,QB153,,843.0,,1067,,,619,,
1346,Kendric Pryor,WR500,CIN,843.0,,,631,641,1257,,
1347,DJ Chark,WR501,,843.0,,,843,,,,
1348,Matt Corral,QB154,,843.0,,,,,843,,
1349,Malik Williams,RB308,,844.0,,844,,,,,
1350,Kyle McCord,QB155,GB,845.0,,,737,962,836,,
1351,Jack Westover,TE283,NE,845.3,,,718,911,907,,
1352,Napoleon Maxwell,RB309,,846.0,,846,,,,,
1353,Messiah Swinson,TE284,GB,846.0,,,,460,1232,,
1354,Chester Rogers,WR502,,846.0,,,,,846,,
1355,Gabriel Plascencia,K73,,846.5,,830,,863,,,
1356,Tory Carter,RB310,,847.0,,847,,,,,
1357,Greg Ward,WR503,,847.0,,,,,847,,
1358,T.J. Luther,WR504,,848.0,,,,,848,,
1359,Michael Badgley,K74,,849.0,,,849,,,,
1360,Kansei Matsuzawa,K75,LV,849.0,,,,849,,,
1361,John Wolford,QB156,,850.3,,792,903,967,739,,
1362,Patrick Taylor,RB311,SF,850.5,,1039,600,724,1039,,
1363,Mohamed Sanu,WR505,,851.0,,851,,,,,
1364,Jermaine Burton,WR506,,852.0,,,976,,728,,
1365,Maddux Trujillo,K76,,852.0,,,,852,,,
1366,Gee Scott,TE285,,852.5,,,,673,1032,,
1367,Darion Clark,TE286,,854.0,,854,,,,,
1368,Drew Plitt,QB157,,854.0,,,,,854,,
1369,Dylan Drummond,WR507,ATL,854.3,,,679,869,1015,,
1370,Jacardia Wright,RB312,SEA,854.7,,1055,770,739,,,
1371,Nick Bowers,TE287,,855.0,,501,,,1209,,
1372,Cedrick Wilson,WR508,DET,855.0,,1113,534,877,896,,
1373,Dylan Parham,TE288,,855.0,,,,,855,,
1374,Ian Bunting,TE289,,856.0,,856,,,,,
1375,Ethan Sanchez,K77,,856.0,,,,856,,,
1376,Andre Baccellia,WR509,,856.5,,774,939,894,819,,
1377,Chris Conley,WR510,,856.5,,,860,,853,,
1378,Rodrigo Blankenship,K78,,857.0,,857,,,,,
1379,Denzel Mims,WR511,DAL,857.3,,848,,659,1065,,
1380,Michael Burton,RB313,CLE,857.3,,,449,815,1308,,
1381,Paul Geelen,K79,,858.0,,,,858,,,
1382,Tyler Scott,WR512,LAR,858.7,,,655,802,1119,,
1383,Harrison Bryant,TE290,,859.5,,841,896,867,834,,
1384,Lake McRee,TE291,PIT,859.7,,802,,500,1277,,
1385,Britain Covey,WR513,PHI,859.7,,,511,913,1155,,
1386,Jonathan Mingo,WR514,DAL,860.3,,1230,483,905,823,,
1387,Colson Yankoff,TE292,WAS,860.3,,,699,885,997,,
1388,John Ursua,WR515,,861.0,,861,,,,,
1389,Amari Cooper,WR516,,861.0,,,861,,,,
1390,Austin Appleby,QB158,,862.0,,862,,,,,
1391,Luke Drzewiecki,K80,,862.0,,,,862,,,
1392,Xavier Guillory,WR517,BAL,863.0,,,,586,1140,,
1393,Dominik Eberle,K81,,865.0,,865,,,,,
1394,Chosen Anderson,WR518,,865.0,,,865,,,,
1395,Hakeem Butler,TE293,DEN,865.5,,,,680,1051,,
1396,Malik Turner,WR519,SF,866.0,,1122,535,609,1198,,
1397,Steven Wroblewski,TE294,,867.0,,867,,,,,
1398,Stetson Bennett,QB159,LAR,867.7,,,646,965,992,,
1399,Carson Steele,RB314,PHI,868.0,,832,698,824,1118,,
1400,Mike Davis,RB315,,868.0,,868,,,,,
1401,Dalen Cambre,WR520,NYG,868.0,,,755,654,1195,,
1402,Royce Freeman,RB316,,868.0,,,,,868,,
1403,Erik Ezukanma,WR521,PHI,868.3,,,610,656,1339,,
1404,Lew Nichols,RB317,PIT,868.3,,,654,764,1187,,
1405,Jermar Jefferson,RB318,MIN,868.5,,729,587,776,1382,,
1406,Jeff Caldwell,WR522,KC,869.0,,612,,598,1397,,
1407,Dylan Soehner,TE295,,869.0,,869,,,,,
1408,Colton Dowell,WR523,,869.7,,,955,601,1053,,
1409,Braxton Berrios,WR524,NYG,870.0,,1163,506,881,930,,
1410,Evan Hull,RB319,ARI,870.0,,,651,921,1038,,
1411,Justin Tucker,K82,,870.0,,,870,,,,
1412,Cole Fotheringham,TE296,,870.0,,,,,870,,
1413,Sony Michel,RB320,,871.0,,871,,,,,
1414,David Bell,WR525,,872.0,,843,929,,844,,
1415,Justin Jackson,RB321,,872.0,,872,,,,,
1416,Tyler Davis,TE297,,873.0,,,,,873,,
1417,Chip Trayanum,RB322,,873.5,,,,759,988,,
1418,J. Michael Sturdivant,WR526,,873.7,,575,,657,1389,,
1419,Ronnie Bell,WR527,NO,874.5,,1131,659,794,914,,
1420,David Martin-Robinson,TE298,TEN,874.7,,,703,834,1087,,
1421,Deontay Burnett,WR528,,875.5,,364,,,1387,,
1422,Equanimeous St. Brown,WR529,,876.0,,,824,,928,,
1423,Justin Shorter,WR530,LV,876.5,,1218,650,550,1088,,
1424,Cole Payton,QB160,PHI,876.5,,,789,964,,,
1425,Mike Boone,RB323,,876.7,,440,844,,1346,,
1426,Dennis Houston,WR531,TB,876.7,,,638,674,1318,,
1427,Marquise Goodwin,WR532,,877.0,,896,,,858,,
1428,Dustin Hopkins,K83,,877.0,,,877,,,,
1429,Daylen Baldwin,WR533,,877.0,,,,,877,,
1430,Jeff Driskel,QB161,,877.5,,302,805,961,1442,,
1431,Dominic Lovett,WR534,DET,878.0,,761,735,658,1358,,
1432,Tyler Boyd,WR535,,878.7,,787,855,,994,,
1433,Javon Baker,WR536,,879.0,,385,980,,1272,,
1434,Stevie Scott,RB324,,879.0,,879,,,,,
1435,John Ross,WR537,,879.0,,,1010,,748,,
1436,Cordarrelle Patterson,RB325,,879.7,,922,813,,904,,
1437,Austin Trammell,WR538,JAX,880.3,,956,636,875,1054,,
1438,Ja'Lynn Polk,WR539,,880.8,,657,977,715,1174,,
1439,Donte Moncrief,WR540,,881.0,,881,,,,,
1440,Ezekiel Elliott,RB326,,882.7,,1175,852,,621,,
1441,Luis Perez,QB162,,883.0,,1168,,,598,,
1442,Jamal Agnew,WR541,,883.0,,,793,,973,,
1443,Duece Watts,WR542,,883.5,,1193,,,574,,
1444,Josh Caldwell,RB327,,885.0,,885,,,,,
1445,AJ McCarron,QB163,,885.5,,350,,,1421,,
1446,John Kelly,RB328,,885.5,,,819,,952,,
1447,Dorian Thompson-Robinson,QB164,,885.7,,993,948,,716,,
1448,Thayer Thomas,WR543,,886.0,,329,,,1443,,
1449,Rhett Ellison,TE299,,886.0,,886,,,,,
1450,Marcus Rosemy-Jacksaint,WR544,,887.0,,485,,,1289,,
1451,Dillon Johnson,RB329,,887.0,,911,,,863,,
1452,Da'Quan Felton,WR545,NYJ,887.3,,758,,687,1217,,
1453,Josh Kelly,WR546,HOU,887.3,,784,,576,1302,,
1454,Hassan Haskins,RB330,NE,887.7,,,606,942,1115,,
1455,DeAndre Hopkins,WR547,,889.3,346,,866,414,1388,,
1456,J.P. Holtz,TE300,,890.0,,,,,890,,
1457,Rashard Higgins,WR548,,891.0,,,,,891,,
1458,Laith Marjan,K84,PIT,891.5,,929,,854,,,
1459,Garrett Nussmeier,QB165,KC,891.5,,1018,788,971,789,,
1460,Skylar Thompson,QB166,BAL,891.7,,,621,997,1057,,
1461,Matt Fleming,WR549,,892.0,,892,,,,,
1462,Trayveon Williams,RB331,DET,892.0,,1112,543,923,990,,
1463,Emani Bailey,RB332,,892.0,,,,,892,,
1464,Dez Fitzpatrick,WR550,,892.3,,554,912,,1211,,
1465,Xazavian Valladay,RB333,,892.7,,715,965,,998,,
1466,Charlie Jones,WR551,CIN,893.0,,,507,924,1248,,
1467,Isaiah Winstead,WR552,PIT,896.0,,,,630,1162,,
1468,Johnny Wilson,WR553,PHI,896.3,,,695,730,1264,,
1469,Caleb Repp,TE301,,897.0,,897,,,,,
1470,Davion Davis,WR554,,897.0,,,,,897,,
1471,Jordan Murray,TE302,,898.0,,,,,898,,
1472,Tyler Mabry,TE303,,898.5,,873,924,,,,
1473,Jeff Cotton,WR555,,899.0,,899,,,,,
1474,Velus Jones,WR556,SEA,899.3,,1184,604,910,,,
1475,Patrick Herbert,TE304,JAX,900.0,,,,501,1299,,
1476,John Copenhaver,TE305,,901.0,,,,,901,,
1477,Nick Ralston,RB334,,902.0,,902,,,,,
1478,Jason Cabinda,RB335,,902.0,,,,,902,,
1479,Ja'Corey Brooks,WR557,,903.0,,759,1015,684,1154,,
1480,A.T. Perry,WR558,,903.5,,679,954,573,1408,,
1481,Deonte Harty,WR559,,903.5,,,884,,923,,
1482,Jalen Wydermyer,TE306,,905.0,,,,,905,,
1483,Jalon Daniels,QB167,TB,905.7,,964,,999,754,,
1484,Marcelias Sutton,RB336,,906.0,,906,,,,,
1485,Jonathan Ward,RB337,BAL,906.0,,,579,841,1298,,
1486,Chase Claypool,WR560,,906.5,,763,,,1050,,
1487,Emanuel Hall,WR561,,907.0,,907,,,,,
1488,Allen Lazard,WR562,,907.0,,1189,809,,723,,
1489,Ja'Quinden Jackson,RB338,PHI,908.0,,,,758,1058,,
1490,Da'Mari Scott,WR563,,909.0,,909,,,,,
1491,C.J. Ham,RB339,,909.0,,,797,,1021,,
1492,Matthew Wright,K85,,909.0,,,909,,,,
1493,Tanner Brown,K86,NO,910.0,,,956,864,,,
1494,Joshua Kelley,RB340,,910.3,,1214,893,,624,,
1495,Amar Johnson,RB341,LAC,910.7,,1223,766,743,,,
1496,Ulysses Bentley,RB342,IND,910.7,,,771,761,1200,,
1497,N'Keal Harry,WR564,,911.5,,779,,,1044,,
1498,Mike White,QB168,,911.7,,533,808,,1394,,
1499,Jerome Cunningham,TE307,,913.0,,913,,,,,
1500,Tyrone Broden,WR565,,913.0,,,,621,1205,,
1501,Cody Latimer,WR566,,913.5,,574,,,1253,,
1502,Lucas Havrisik,K87,,914.0,,,975,853,,,
1503,Oliver Martin,WR567,,915.0,,915,,,,,
1504,Jerjuan Newton,WR568,,915.0,,,,,915,,
1505,Rahsul Faison,RB343,,916.0,,,,,916,,
1506,Andy Isabella,WR569,,916.5,,553,,,1280,,
1507,Romello Brinson,WR570,,916.5,,1204,,629,,,
1508,Will Sheppard,WR571,GB,917.3,,1005,,616,1131,,
1509,Colton Theaker,K88,,918.0,,918,,,,,
1510,Jalen Richard,RB344,LV,918.0,,,,,918,,
1511,Bryson Nesbit,TE308,MIN,919.7,,917,,472,1370,,
1512,Diontae Johnson,WR572,,920.0,,908,832,,1020,,
1513,Bryant Mitchell,WR573,,920.0,,920,,,,,
1514,Brandon Dillon,TE309,,920.0,,,,,920,,
1515,Jude McAtamney,K89,,921.0,,834,1008,,,,
1516,Riley Neal,QB169,,921.0,,921,,,,,
1517,Trent Taylor,WR574,,921.3,,,799,593,1372,,
1518,Chris Myarick,TE310,LV,921.5,,,,453,1390,,
1519,Tom Kennedy,WR575,DET,921.8,,927,565,878,1317,,
1520,Nsimba Webster,WR576,,922.0,,,,,922,,
1521,Christian Blake,WR577,,923.0,,923,,,,,
1522,Josh Johnson,RB345,,923.0,,,923,,,,
1523,JaQuae Jackson,WR578,LAC,923.5,,,,640,1207,,
1524,Elijah Dotson,RB346,,924.0,,,960,,888,,
1525,Keilahn Harris,WR579,,925.0,,840,,,1010,,
1526,Sean Riley,WR580,,925.0,,925,,,,,
1527,P.J. Walker,QB170,,925.0,,,,,925,,
1528,Bailey Zappe,QB171,NYJ,925.3,,,617,982,1177,,
1529,Kendrick Law,WR581,DET,926.0,,,779,577,1422,,
1530,Chase Edmonds,RB347,,926.3,,,841,769,1169,,
1531,Mohamed Ibrahim,RB348,,926.5,,,958,,895,,
1532,Travis Vokolek,TE311,ARI,928.7,,,971,475,1340,,
1533,Ayir Asante,WR582,,929.0,,,,,929,,
1534,Riley Sharp,TE312,,930.0,,930,,,,,
1535,Thomas Yassmin,TE313,GB,931.0,,,,528,1334,,
1536,Andrew Armstrong,WR583,KC,931.0,,,,588,1274,,
1537,Makai Polk,WR584,,931.0,,,,,931,,
1538,Trey Sermon,RB349,ATL,931.5,,910,582,799,1435,,
1539,Garrett Celek,TE314,,932.0,,932,,,,,
1540,Nathaniel Peat,RB350,,932.0,,,,,932,,
1541,Tim Jones,WR585,JAX,932.5,,884,627,792,1427,,
1542,Jacob Kibodi,RB351,,932.5,,,1006,,859,,
1543,Robbie Gould,K90,,933.0,,933,,,,,
1544,Terrell Jennings,RB352,,933.0,,,998,868,,,
1545,Jesper Horsted,TE315,,933.0,,,,,933,,
1546,Taiwan Jones,RB353,,934.0,,,,,934,,
1547,Jeret Smith,WR586,,936.0,,936,,,,,
1548,Ricky Seals-Jones,TE316,,936.0,,,,,936,,
1549,Alex Smith,QB172,,937.0,,937,,,,,
1550,Joe Walker,WR587,,938.0,,938,,,,,
1551,Abram Smith,RB354,,939.0,,1047,,,831,,
1552,Anthony Torres,TE317,,940.0,,940,,,,,
1553,Corey Davis,WR588,,940.0,,,,,940,,
1554,Sean Clifford,QB173,CIN,940.7,,,649,991,1182,,
1555,Dillon Bell,WR589,MIN,941.0,,,,667,1215,,
1556,Mark Redman,TE318,LAR,942.0,,,,517,1367,,
1557,Dalvin Cook,RB355,,942.7,,1235,838,,755,,
1558,Ellis Merriweather,RB356,,943.0,,,969,,917,,
1559,Sam Pinckney,WR590,,943.0,,,,,943,,
1560,Kenny McIntosh,RB357,,943.3,,592,947,818,1416,,
1561,Anthony Boone,QB174,,944.0,,944,,,,,
1562,Dylan Leonard,TE319,,945.0,,945,,,,,
1563,Devin Asiasi,TE320,,946.5,,588,,,1305,,
1564,Adrian Martinez,QB175,SF,946.5,,853,777,959,1197,,
1565,Derek Wright,WR591,,947.5,,711,,,1184,,
1566,Matt Schaub,QB176,,948.0,,948,,,,,
1567,Lan Larison,RB358,NE,948.0,,,749,785,1310,,
1568,James Proche,WR592,,948.0,,,899,882,1063,,
1569,Bernhard Seikovits,TE321,,948.0,,,,,948,,
1570,Golden Tate,WR593,,949.0,,949,,,,,
1571,Randall Cobb,WR594,,949.0,,,,,949,,
1572,Jha'Quan Jackson,WR595,HOU,949.3,,,689,809,1350,,
1573,Kyle Trask,QB177,CAR,949.8,,1045,586,993,1175,,
1574,Michael Ezeike,TE322,,950.0,,,,,950,,
1575,Trishton Jackson,WR596,,950.5,,,905,,996,,
1576,Sam Ficken,K91,,951.0,,951,,,,,
1577,B.J. Emmons,RB359,,952.0,,952,,,,,
1578,Greg Zuerlein,K92,,952.5,,1027,878,,,,
1579,Valentino Ambrosio,K93,,953.0,,953,,,,,
1580,Phillip Andersen,K94,,954.0,,954,,,,,
1581,Deuce Vaughn,RB360,,954.0,,,941,822,1099,,
1582,Hunter Dekkers,QB178,NO,954.0,,,,954,,,
1583,Brett Rypien,QB179,HOU,954.3,,,545,955,1363,,
1584,Aidan O'Connell,QB180,LV,956.3,,979,660,940,1246,,
1585,Vance McDonald,TE323,,958.0,,958,,,,,
1586,Taylor Elgersma,QB181,,958.0,,1125,,,791,,
1587,Dax Milne,WR597,,958.0,,,,,958,,
1588,Adam Thielen,WR598,,958.3,,905,875,,1095,,
1589,Evan Berry,WR599,,960.0,,960,,,,,
1590,Desmond Ridder,QB182,,960.0,,,927,1008,945,,
1591,Jesse Matthews,WR600,,960.0,,,,,960,,
1592,Reggie Gilliam,RB361,NE,960.3,,,493,1005,1383,,
1593,Will Mallory,TE324,IND,961.0,,1219,656,559,1410,,
1594,Collin Johnson,WR601,,961.0,,,898,,1024,,
1595,David Wells,TE325,,961.0,,,,,961,,
1596,Matthew Trickett,K95,,962.0,,962,,,,,
1597,Gerald Holmes,RB362,,963.0,,963,,,,,
1598,Jake Haener,QB183,NYG,964.3,,939,658,1011,1249,,
1599,DeWayne McBride,RB363,,964.5,,,953,,976,,
1600,Sam Ehlinger,QB184,DEN,964.8,,1006,595,990,1268,,
1601,Jack Sorenson,WR602,,965.0,,965,,,,,
1602,La'Michael Pettway,TE326,,965.0,,,,,965,,
1603,Michael Pratt,QB185,,965.3,,595,986,,1315,,
1604,Kole Taylor,TE327,,965.5,,961,,,970,,
1605,Dayton Wade,WR603,BAL,966.0,,,,676,1256,,
1606,Ben Ellefson,TE328,,967.0,,967,,,,,
1607,Rodney Williams,TE329,,967.0,,,967,,,,
1608,Tarik Black,WR604,DET,967.0,,,,669,1265,,
1609,Chris Pierce,TE330,,967.0,,,,,967,,
1610,Taylor Heinicke,QB186,,967.7,,976,807,,1120,,
1611,Kevin Foelsch,TE331,,968.0,,968,,,,,
1612,Michael Jacobson,TE332,,968.0,,,,,968,,
1613,Hal Presley,WR605,,968.5,,,,605,1332,,
1614,Allen Robinson,WR606,,969.0,,,868,,1070,,
1615,Cornell Powell,WR607,PIT,969.0,,,,594,1344,,
1616,Erik Krommenhoek,TE333,,970.0,,959,,,981,,
1617,Jamari Thrash,WR608,CLE,970.0,,,687,866,1357,,
1618,Henry Pearson,RB364,,970.0,,,970,,,,
1619,Marlon Mack,RB365,,970.5,,1180,,,761,,
1620,Robert Woods,WR609,,970.5,,,873,,1068,,
1621,Papi White,WR610,,971.0,,971,,,,,
1622,Tommy Hudson,TE334,,972.0,,740,,,1204,,
1623,Kenny Lawler,WR611,,972.0,,972,,,,,
1624,Jalen Guyton,WR612,,973.5,,719,,,1228,,
1625,Gabe Nabers,RB366,,975.0,,975,,,,,
1626,Dymere Miller,WR613,,975.0,,,,,975,,
1627,Jermaine Kearse,WR614,,977.0,,977,,,,,
1628,Steven Sims,WR615,,978.0,,,883,,1073,,
1629,Chris Herndon,TE335,,978.5,,643,,,1314,,
1630,Brady Russell,TE336,SEA,978.5,,858,674,943,1439,,
1631,Mike Williams,WR616,,979.0,,,854,,1104,,
1632,Brady Cook,QB187,NYJ,979.3,,,753,1004,1181,,
1633,Max Brosmer,QB188,MIN,979.3,,,761,1021,1156,,
1634,Cole Beck,WR617,,980.0,,980,,,,,
1635,Alex Erickson,WR618,,980.0,,,803,,1157,,
1636,DJ Uiagalelei,QB189,LAC,980.0,,,,980,,,
1637,Zach Gentry,TE337,,980.0,,,,,980,,
1638,B.T. Potter,K96,TB,980.5,,1096,,865,,,
1639,D.J. Williams,RB367,,981.0,,772,1001,,1170,,
1640,Johnny King,WR619,,981.0,,981,,,,,
1641,Jacob Eason,QB190,,981.0,,1082,,,880,,
1642,JP Richardson,WR620,CHI,981.3,,982,,583,1379,,
1643,Deneric Prince,RB368,,981.5,,813,957,749,1407,,
1644,Sean Mannion,QB191,,981.5,,1188,,,775,,
1645,Henry Litwin,WR621,,984.0,,984,,,,,
1646,Seth Williams,WR622,,984.0,,1004,,,964,,
1647,Freddie Swain,WR623,,984.0,,,,705,1263,,
1648,Andre Roberts,WR624,,984.0,,,,,984,,
1649,Bryan Bennett,QB192,,985.0,,985,,,,,
1650,Cam Miller,QB193,MIA,985.0,,,730,998,1227,,
1651,Larry Rountree,RB369,,986.0,,874,,,1098,,
1652,Austin Aune,QB194,,986.0,,986,,,,,
1653,Randy Bullock,K97,,987.0,,987,,,,,
1654,John Stephens,TE338,,988.0,,,989,,987,,
1655,Jimmy Bell,TE339,,989.0,,989,,,,,
1656,Brandon Bolden,RB370,,989.5,,850,,,1129,,
1657,Tayvion Robinson,WR625,,989.5,,1110,,,869,,
1658,Scotty Miller,WR626,CHI,989.5,,1213,546,821,1378,,
1659,Bryce Ford-Wheaton,WR627,,989.7,,,992,805,1172,,
1660,Kellen Mond,QB195,,990.5,,1171,,,810,,
1661,Dillon Stoner,WR628,,995.0,,995,,,,,
1662,Jesse James,TE340,,996.0,,860,,,1132,,
1663,Alex Bachman,WR629,LAR,996.7,,,705,933,1352,,
1664,Tavonn Salter,WR630,,997.0,,997,,,,,
1665,Jaaron Hayek,WR631,,998.0,,998,,,,,
1666,Clayton Tune,QB196,,998.7,,,951,1014,1031,,
1667,Curtis Samuel,WR632,,998.8,,1147,845,556,1447,,
1668,Anders Carlson,K98,,999.0,,1054,944,,,,
1669,Trey Quinn,WR633,,999.5,,893,,,1106,,
1670,Luke Grimm,WR634,LAC,999.5,,,,683,1316,,
1671,Blake Watson,RB371,,999.7,,,988,773,1238,,
1672,Amari Rodgers,WR635,,1000.0,,681,,,1319,,
1673,Marquise Williams,QB197,,1000.0,,1000,,,,,
1674,Parker Romo,K99,,1000.0,,,1000,,,,
1675,K.J. Maye,WR636,,1002.0,,1002,,,,,
1676,Connor Bazelak,QB198,TB,1002.0,,,,1002,,,
1677,Daewood Davis,WR637,,1002.0,,,,,1002,,
1678,Raheem Mostert,RB372,,1002.7,,,822,873,1313,,
1679,Jaylen Johnson,WR638,,1003.0,,,1003,,,,
1680,Sage Surratt,TE341,,1003.0,,,,,1003,,
1681,Anthony Brown,QB199,,1004.5,,,940,,1069,,
1682,Sam Hartman,QB200,WAS,1005.0,,974,,956,1085,,
1683,Jermaine Jackson,WR639,,1007.0,,,1007,,,,
1684,TJ Harden,RB373,,1009.0,,,,768,1250,,
1685,Dontrell Hilliard,RB374,,1009.0,,,,,1009,,
1686,Joshua Cephus,WR640,,1009.7,,,1002,634,1393,,
1687,William Fuller,WR641,,1010.0,,1010,,,,,
1688,Isaiah Wooden,WR642,,1011.0,,,,681,1341,,
1689,Jay Ajayi,RB375,,1012.0,,1012,,,,,
1690,Xavier Grimble,TE342,,1012.0,,,,,1012,,
1691,Dresser Winn,QB201,,1012.5,,943,,,1082,,
1692,Shane Buechele,QB202,BUF,1013.3,,,630,973,1437,,
1693,Caden Davis,K100,,1014.0,,,1014,,,,
1694,Matt Breida,RB376,,1014.0,,,,,1014,,
1695,Parker Hesse,TE343,,1014.5,,,920,,1109,,
1696,Jaren Hall,QB203,,1015.5,,,950,,1081,,
1697,La'Mical Perine,RB377,,1016.0,,838,,,1194,,
1698,David Marvin,K101,,1017.0,,1017,,,,,
1699,Philip Rivers,QB204,,1017.0,,,1017,,,,
1700,Kelvin Harmon,WR643,,1017.0,,,,,1017,,
1701,Austin Allen,TE344,,1018.0,,,,,1018,,
1702,Daurice Fountain,WR644,,1018.5,,767,,,1270,,
1703,Robert Griffin,QB205,,1019.0,,1019,,,,,
1704,Bronson Rechsteiner,RB378,,1024.0,,1024,,,,,
1705,Kazmeir Allen,WR645,,1024.5,,737,,,1312,,
1706,Jaelon Darden,WR646,,1025.0,,741,914,,1420,,
1707,Greg Joseph,K102,,1025.0,,1216,834,,,,
1708,Johnny Johnson,WR647,,1025.0,,,,,1025,,
1709,Bobby Holly,RB379,,1026.0,,1026,,,,,
1710,Josh Ali,WR648,,1027.0,,,,,1027,,
1711,Anthony Miller,WR649,,1028.0,,,1004,,1052,,
1712,Elijah Mitchell,RB380,,1029.5,,1176,913,787,1242,,
1713,Jake Coker,QB206,,1030.0,,1030,,,,,
1714,Nolan Henderson,QB207,,1032.0,,1032,,,,,
1715,Kadarius Toney,WR650,,1032.7,,1124,910,,1064,,
1716,Chad Kelly,QB208,,1033.0,,1033,,,,,
1717,Khalan Laborn,RB381,,1034.0,,,,,1034,,
1718,Matt Landers,WR651,,1035.0,,641,,,1429,,
1719,Derek Watt,RB382,,1035.0,,1035,,,,,
1720,Alfonzo Graham,RB383,,1035.0,,,,,1035,,
1721,Noah Rauschenberg,K103,,1036.0,,1036,,,,,
1722,Camden Lewis,K104,,1037.0,,1037,,,,,
1723,Tim DeMorat,QB209,,1038.0,,1038,,,,,
1724,Dai'Jean Dixon,WR652,,1039.0,,1121,,,957,,
1725,Nathan Peterman,QB210,,1040.7,,1183,,1000,939,,
1726,Lynn Bowden,WR653,,1041.0,,,,,1041,,
1727,Clayton Thorson,QB211,NYG,1042.0,,1042,,,,,
1728,Will Grier,QB212,,1042.0,,,,983,1101,,
1729,Eric Ebron,TE345,PIT,1042.0,,,,,1042,,
1730,Jamie Newman,QB213,,1043.0,,1043,,,,,
1731,Keaontay Ingram,RB384,,1044.0,,,930,756,1446,,
1732,Griffin Hebert,TE346,,1045.0,,,,,1045,,
1733,Maurice Ffrench,WR654,,1046.0,,1046,,,,,
1734,Mark Gronowski,QB214,,1046.0,,,,970,1122,,
1735,Zach Evans,RB385,,1047.0,,,943,,1151,,
1736,Traeshon Holden,WR655,,1047.0,,,,677,1417,,
1737,Slade Bolden,WR656,,1047.0,,,,,1047,,
1738,Brian Hill,RB386,,1048.0,,,,,1048,,
1739,Ra'Shaun Henry,WR657,,1049.5,,807,,,1292,,
1740,Tony Jones,RB387,,1049.5,,,906,,1193,,
1741,Quinn Nordin,K105,,1050.0,,1050,,,,,
1742,Dee Eskridge,WR658,,1050.0,,,911,912,1327,,
1743,Taryn Christion,QB215,,1051.0,,1051,,,,,
1744,Brandon Shippen,WR659,,1052.0,,1052,,,,,
1745,Tyrion Davis-Price,RB388,,1052.0,,1200,928,,1028,,
1746,Taylor Russolino,K106,,1053.0,,1053,,,,,
1747,Michael Wiley,RB389,,1053.0,,,991,757,1411,,
1748,C.J. Beathard,QB216,,1056.0,,,,,1056,,
1749,Marquez Callaway,WR660,,1057.5,,,901,,1214,,
1750,Marcus Peterson,WR661,,1058.0,,1058,,,,,
1751,Tony Brown,WR662,,1058.5,,,907,,1210,,
1752,Jakob Johnson,RB390,,1059.5,,,886,,1233,,
1753,Ahmani Marshall,RB391,CLE,1059.5,,,,789,1330,,
1754,Travell Harris,WR663,,1060.0,,1060,,,,,
1755,Jordan Moore,WR664,CIN,1060.0,,,,686,1434,,
1756,Izaiah Gathings,TE347,,1060.0,,,,,1060,,
1757,Demario Richard,RB392,,1062.0,,1062,,,,,
1758,Russell Wilson,QB217,,1064.0,,1191,879,791,1395,,
1759,Marvin Jones,WR665,,1064.5,,696,,,1433,,
1760,Jimmy Garoppolo,QB218,,1065.0,,1126,872,1026,1236,,
1761,Tim Boyle,QB219,,1065.0,,,821,,1309,,
1762,Cade Johnson,WR666,,1066.0,,947,,,1185,,
1763,Keith Smith,RB393,,1067.0,,,,,1067,,
1764,Grant DuBose,WR667,,1067.5,,,946,,1189,,
1765,Jordan Mims,RB394,,1067.7,,,968,807,1428,,
1766,Connor Slomka,RB395,,1068.0,,1068,,,,,
1767,Aaron Shampklin,RB396,,1070.5,,,999,,1142,,
1768,Bryce Perkins,QB220,,1071.0,,1071,,,,,
1769,Jackson Harris,TE348,,1073.0,,1073,,,,,
1770,Damon Hazelton,WR668,,1074.0,,1074,,,,,
1771,Austin Watkins,WR669,,1074.0,,,,,1074,,
1772,Nick Easley,WR670,,1075.0,,1075,,,,,
1773,Kyle Philips,WR671,,1075.5,,878,,,1273,,
1774,Shi Smith,WR672,,1076.0,,,,,1076,,
1775,Bobo Wilson,WR673,,1077.0,,1077,,,,,
1776,Ty Montgomery,RB397,,1077.0,,,,,1077,,
1777,Calvin Jackson,WR674,,1078.0,,1078,,,,,
1778,Laviska Shenault,WR675,,1078.5,,,895,,1262,,
1779,Kyle Markway,TE349,,1079.0,,1079,,,,,
1780,Darrel Williams,RB398,,1079.0,,,,,1079,,
1781,Todd Gurley,RB399,,1080.0,,1080,,,,,
1782,Kalen Ballage,RB400,,1081.0,,999,,,1163,,
1783,Sawyer Robertson,QB221,,1081.5,,,,995,1168,,
1784,Jordan Westerkamp,WR676,,1083.0,,1083,,,,,
1785,Tyler Kroft,TE350,,1083.0,,,,,1083,,
1786,Jamal Pettigrew,TE351,,1084.0,,1084,,,,,
1787,Michael Thomas,WR677,,1084.0,,1142,,,1026,,
1788,Jamison Crowder,WR678,,1084.0,,,864,,1304,,
1789,Chris Brown,WR679,,1085.0,,1085,,,,,
1790,Deon Cain,WR680,,1085.5,,1138,,,1033,,
1791,AJ Henning,WR681,MIA,1085.7,,1228,,627,1402,,
1792,Kevin Rader,TE352,,1086.0,,,,,1086,,
1793,Darrynton Evans,RB401,,1086.5,,,892,,1281,,
1794,Case Cookus,QB222,,1087.0,,1087,,,,,
1795,Tommy Stevens,QB223,NYG,1088.0,,1088,,,,,
1796,Alex Gray,TE353,,1089.0,,1089,,,,,
1797,Jaydon Mickens,WR682,,1089.0,,,,,1089,,
1798,Nathan Rourke,QB224,,1089.5,,,973,,1206,,
1799,Clayton Hatfield,K107,,1091.0,,1091,,,,,
1800,Ross Scheuerman,RB402,,1092.0,,1092,,,,,
1801,Matt Bushman,TE354,,1093.0,,,,,1093,,
1802,Andrew Mevis,K108,,1094.0,,1094,,,,,
1803,Jerome Lane,WR683,,1095.0,,1095,,,,,
1804,Tommy Mellott,QB225,,1096.0,,916,1011,,1361,,
1805,Tre Stewart,RB403,ARI,1096.0,,,,766,1426,,
1806,Zion Bowens,WR684,,1098.0,,1098,,,,,
1807,Sandro Platzgummer,RB404,,1099.0,,1099,,,,,
1808,Jake Luton,QB226,,1100.0,,,,,1100,,
1809,Jody Fortson,TE355,,1101.5,,,919,,1284,,
1810,Romello Brooker,TE356,,1102.0,,1102,,,,,
1811,Christian Wade,RB405,,1102.0,,1143,,,1061,,
1812,Trinity Benson,WR685,,1102.0,,,,,1102,,
1813,Hayden Hurst,TE357,,1102.3,,1209,829,,1269,,
1814,Cam Akers,RB406,,1102.7,,1132,889,,1287,,
1815,Terry Swanson,RB407,,1103.0,,1103,,,,,
1816,C.J. Saunders,WR686,,1103.0,,,,,1103,,
1817,Ryan Fitzpatrick,QB227,,1104.0,,1104,,,,,
1818,Ross Dwelley,TE358,,1105.0,,,804,,1406,,
1819,Blake Jarwin,TE359,,1106.5,,1202,,,1011,,
1820,Jon Brown,K109,,1108.0,,1108,,,,,
1821,Marcell Ateman,WR687,,1108.0,,,,,1108,,
1822,Landen Akers,WR688,,1109.0,,1109,,,,,
1823,Josh Imatorbhebhe,WR689,,1111.0,,1111,,,,,
1824,Tyreik McAllister,RB408,,1112.5,,,994,,1231,,
1825,Khari Blasingame,RB409,,1113.5,,,885,,1342,,
1826,Javon Wims,WR690,,1114.0,,1114,,,,,
1827,Wayne Gallman,RB410,,1114.5,,824,,,1405,,
1828,J.J. Nelson,WR691,,1115.0,,1115,,,,,
1829,Josh Gordon,WR692,,1116.0,,1116,,,,,
1830,Sam Cotton,TE360,,1117.0,,1117,,,,,
1831,Tre Harbison,RB411,,1118.0,,1118,,,,,
1832,Aaron Dykes,RB412,,1119.0,,1119,,,,,
1833,Jamarius Way,WR693,,1120.0,,1120,,,,,
1834,Austin Reed,QB228,BAL,1122.0,,1048,,958,1360,,
1835,Josh Love,QB229,,1123.0,,1123,,,,,
1836,Dominique Dafney,TE361,,1124.0,,,,,1124,,
1837,Kevin White,WR694,,1126.0,,,,,1126,,
1838,Alex Armah,RB413,,1127.0,,,,,1127,,
1839,Stephen Sullivan,TE362,,1127.5,,,900,,1355,,
1840,Pooka Williams,RB414,,1128.5,,946,,,1311,,
1841,Giovani Bernard,RB415,,1129.0,,1129,,,,,
1842,Gavin Hardison,QB230,,1130.0,,,,,1130,,
1843,Jake Fromm,QB231,,1130.5,,994,,,1267,,
1844,Kalif Jackson,TE363,MIA,1133.0,,1133,,,,,
1845,Kekoa Crawford,WR695,,1134.0,,1134,,,,,
1846,Miles Boykin,WR696,,1134.0,,,,,1134,,
1847,Emory Jones,QB232,,1135.0,,941,,,1329,,
1848,T.J. Simmons,WR697,,1135.0,,1135,,,,,
1849,Aidan Robbins,RB416,,1135.0,,1157,,,1113,,
1850,Logan Woodside,QB233,,1135.0,,,,,1135,,
1851,Devonta Freeman,RB417,,1136.0,,1136,,,,,
1852,Tanner Mordecai,QB234,,1136.0,,,,,1136,,
1853,Austin Wolf,WR698,,1137.0,,1137,,,,,
1854,Isaiah Spiller,RB418,,1138.0,,,,,1138,,
1855,Kwamie Lassiter,WR699,,1139.0,,,,,1139,,
1856,Latavius Murray,RB419,,1142.0,,1172,,,1112,,
1857,Cole Beasley,WR700,,1143.0,,,,,1143,,
1858,Jordan Ta'amu,QB235,,1144.0,,1144,,,,,
1859,Blaine Gabbert,QB236,,1144.0,,,,,1144,,
1860,Carter Bradley,QB237,JAX,1144.5,,,,969,1320,,
1861,Logan Stokes,TE364,,1145.0,,1145,,,,,
1862,Holton Ahlers,QB238,,1145.5,,859,,,1432,,
1863,Steven Stilianos,TE365,,1146.0,,1146,,,,,
1864,Frank Darby,WR701,,1146.0,,,,,1146,,
1865,Justin Rohrwasser,K110,,1148.0,,1148,,,,,
1866,Mike Weber,RB420,,1149.0,,1149,,,,,
1867,Broc Rutter,QB239,,1150.0,,1150,,,,,
1868,Trent Pennix,TE366,,1150.5,,1205,,,1096,,
1869,T.J. Linta,QB240,,1151.0,,1151,,,,,
1870,Jase McClellan,RB421,,1151.0,,,979,,1323,,
1871,Kennedy Brooks,RB422,,1152.0,,1152,,,,,
1872,Terique Owens,WR702,,1152.0,,,,,1152,,
1873,Mikey Daniel,RB423,,1153.0,,1153,,,,,
1874,Sone Ntoh,RB424,,1154.0,,1154,,,,,
1875,Antoine Wesley,WR703,,1155.0,,1155,,,,,
1876,Mark Chapman,WR704,,1156.0,,1156,,,,,
1877,Taulia Tagovailoa,QB241,,1158.0,,1158,,,,,
1878,Chad Henne,QB242,,1160.0,,1160,,,,,
1879,Jacob Harris,WR705,,1160.0,,,,,1160,,
1880,Jerreth Sterns,WR706,,1161.0,,1161,,,,,
1881,Roman Hemby,RB425,LV,1162.0,,1162,,,,,
1882,Connor Wedington,WR707,,1164.0,,1164,,,,,
1883,Quali Conley,RB426,,1164.0,,,,,1164,,
1884,Shane Leatherbury,WR708,,1167.0,,1167,,,,,
1885,Jake Kumerow,WR709,,1167.0,,,,,1167,,
1886,Jose Barbon,WR710,,1170.0,,1170,,,,,
1887,Ryan Jones,TE367,,1173.0,,,,,1173,,
1888,Brevin Easton,WR711,,1176.0,,,,,1176,,
1889,Trey Wolff,K111,,1177.0,,1177,,,,,
1890,Max Duggan,QB243,,1177.5,,,952,,1403,,
1891,Sammy Watkins,WR712,,1178.0,,1090,,,1266,,
1892,Rakim Jarrett,WR713,,1178.5,,,961,,1396,,
1893,Rashaad Penny,RB427,,1179.0,,1009,,,1349,,
1894,Silas Bolden,WR714,,1180.0,,,,,1180,,
1895,Tanner Morgan,QB244,,1181.0,,1181,,,,,
1896,Terrell Bynum,WR715,,1182.0,,,972,,1392,,
1897,Gabe Brkic,K112,,1185.0,,1185,,,,,
1898,Joshua Lingenfelter,TE368,,1187.0,,1187,,,,,
1899,Dallin Holker,TE369,,1188.0,,,990,,1386,,
1900,Sam Wiglusz,WR716,,1188.0,,,,,1188,,
1901,Lachlan Pitts,TE370,,1190.0,,1190,,,,,
1902,Peyton Hendershot,TE371,,1192.0,,,936,,1448,,
1903,Nate Noel,RB428,,1192.0,,,,,1192,,
1904,Luke Altmyer,QB245,DET,1193.5,,,,987,1400,,
1905,Ryan Nall,RB429,,1194.0,,1194,,,,,
1906,Nakia Griffin-Stewart,TE372,,1196.0,,1196,,,,,
1907,Brian Riley,WR717,,1197.0,,1197,,,,,
1908,Jordan Hudson,WR718,DAL,1199.0,,1199,,,,,
1909,Alex Kessman,K113,CAR,1201.0,,1201,,,,,
1910,Isaiah Ford,WR719,,1201.0,,,,,1201,,
1911,Kawaan Baker,WR720,,1203.0,,1203,,,,,
1912,Dalton Keene,TE373,,1203.0,,,,,1203,,
1913,J.T. Barrett,QB246,,1206.0,,1206,,,,,
1914,Devon Bell,K114,,1207.0,,1207,,,,,
1915,Seth Henigan,QB247,,1207.0,,,,1001,1413,,
1916,Floyd Allen,WR721,,1208.0,,1208,,,,,
1917,Jack Doyle,TE374,IND,1208.0,,,,,1208,,
1918,Roland Rivers,QB248,,1211.0,,1211,,,,,
1919,Damoun Patterson,WR722,,1212.0,,1212,,,,,
1920,Tyler Ferguson,QB249,,1215.0,,1215,,,,,
1921,Tanner Taula,TE375,,1216.0,,,,,1216,,
1922,Brett Maher,K115,,1217.0,,1217,,,,,
1923,Isaiah Washington,WR723,,1218.0,,,,,1218,,
1924,Damien Williams,RB430,,1219.0,,,,,1219,,
1925,Stephen Hauschka,K116,,1220.0,,1220,,,,,
1926,Hayden Hatten,WR724,,1220.0,,,,,1220,,
1927,Kai Locksley,WR725,,1221.0,,1221,,,,,
1928,Jordan Wilkins,RB431,,1221.0,,,,,1221,,
1929,Mason Fairchild,TE376,,1222.0,,,,,1222,,
1930,Darrell Daniels,TE377,,1223.0,,,,,1223,,
1931,CJ Marable,RB432,,1224.0,,1224,,,,,
1932,Ethan Garbers,QB250,,1224.0,,,,,1224,,
1933,Darren Carrington,WR726,,1225.0,,1225,,,,,
1934,Lamar Miller,RB433,,1226.0,,1226,,,,,
1935,Malcolm Perry,WR727,,1226.0,,,,,1226,,
1936,Mike Meyer,K117,,1229.0,,1229,,,,,
1937,E.J. Perry,QB251,,1229.0,,,,,1229,,
1938,De'Anthony Thomas,WR728,,1229.5,,1029,,,1430,,
1939,Jack Colletto,RB434,,1230.0,,,,,1230,,
1940,Phillip Brooks,WR729,,1231.5,,1023,,,1440,,
1941,Josh Hammond,WR730,,1232.0,,1232,,,,,
1942,Justin Hall,WR731,,1232.5,,1066,,,1399,,
1943,Zach Terrell,QB252,BAL,1234.0,,1234,,,,,
1944,Dorian Singer,WR732,,1234.0,,,,,1234,,
1945,DeVante Parker,WR733,,1235.0,,,,,1235,,
1946,Jahwan Edwards,RB435,,1236.0,,1236,,,,,
1947,Donovan Peoples-Jones,WR734,,1237.0,,,,,1237,,
1948,Elijah Collins,RB436,,1240.0,,,,,1240,,
1949,Jalen Wayne,WR735,,1241.0,,1139,,,1343,,
1950,Robert Burns,RB437,CHI,1241.0,,,,,1241,,
1951,Matt Sokol,TE378,,1243.0,,,,,1243,,
1952,Godwin Igwebuike,RB438,,1244.0,,,,,1244,,
1953,Ethan Fernea,WR736,,1245.0,,,,,1245,,
1954,Pharoh Cooper,WR737,,1247.0,,,,,1247,,
1955,Matthew Slater,WR738,,1251.0,,,,,1251,,
1956,Eno Benjamin,RB439,,1252.0,,,,,1252,,
1957,Trestan Ebner,RB440,,1255.0,,,,,1255,,
1958,Mathew Sexton,WR739,,1257.0,,1140,,,1374,,
1959,Braylon Sanders,WR740,,1258.0,,,,,1258,,
1960,Jaden Shirden,RB441,,1260.0,,,,,1260,,
1961,Luke Stocker,TE379,,1261.0,,,,,1261,,
1962,Zakhari Franklin,WR741,,1266.5,,1097,,,1436,,
1963,Rodney Adams,WR742,,1271.0,,,,,1271,,
1964,Logan Thomas,TE380,,1276.0,,,,,1276,,
1965,Jalen Camp,WR743,,1278.0,,,,,1278,,
1966,David Durden,WR744,,1282.0,,,,,1282,,
1967,Sean Ryan,WR745,,1291.0,,,,,1291,,
1968,Rashod Owens,WR746,,1295.0,,,,,1295,,
1969,Duke Johnson,RB442,,1296.0,,,,,1296,,
1970,Cole Payton,QB253,,1297.0,,,,,1297,,
1971,Drake Stoops,WR747,,1300.0,,,,,1300,,
1972,Kirk Merritt,WR748,,1301.0,,1233,,,1369,,
1973,Ty'Son Williams,RB443,,1301.0,,,,,1301,,
1974,Willie Snead,WR749,,1303.0,,,,,1303,,
1975,Ricky Person,RB444,,1306.0,,,,,1306,,
1976,Malik Knowles,WR750,,1307.0,,,,,1307,,
1977,Tulu Griffin,WR751,,1321.0,,,,,1321,,
1978,Nathan Carter,RB445,ATL,1323.0,,1222,,,1424,,
1979,Jacob Copeland,WR752,,1324.0,,,,,1324,,
1980,Jamoi Mayes,WR753,,1325.0,,,,,1325,,
1981,Charleston Rambo,WR754,,1326.0,,,,,1326,,
1982,Dontay Demus,WR755,,1328.0,,,,,1328,,
1983,Brycen Hopkins,TE381,,1331.0,,,,,1331,,
1984,Jalen White,RB446,,1333.0,,,,,1333,,
1985,Malik Taylor,WR756,,1335.0,,,,,1335,,
1986,Damien Harris,RB447,,1336.0,,,,,1336,,
1987,Tre'Shaun Harrison,WR757,,1338.0,,,,,1338,,
1988,Jaray Jenkins,WR758,,1347.0,,,,,1347,,
1989,Monaray Baldwin,WR759,,1348.0,,,,,1348,,
1990,Curtis Hodges,TE382,,1351.0,,,,,1351,,
1991,Josh Pederson,TE383,,1353.0,,,,,1353,,
1992,Tre'Quan Smith,WR760,,1359.0,,,,,1359,,
1993,Tyler Kahmann,WR761,,1368.0,,,,,1368,,
1994,Noah Togiai,TE384,,1371.0,,,,,1371,,
1995,Dwayne Washington,RB448,,1373.0,,,,,1373,,
1996,Marvin Hall,WR762,,1375.0,,,,,1375,,
1997,Landon Parker,WR763,,1376.0,,,,,1376,,
1998,Anthony Schwartz,WR764,,1377.0,,,,,1377,,
1999,Robert Lewis,WR765,,1380.0,,,,,1380,,
2000,Adam Shaheen,TE385,,1384.0,,,,,1384,,
2001,Trey Knox,TE386,,1385.0,,,,,1385,,
2002,Nick Boyle,TE387,,1391.0,,,,,1391,,
2003,Damiere Byrd,WR766,,1398.0,,,,,1398,,
2004,Elijhah Badger,WR767,,1401.0,,,,,1401,,
2005,Thaddeus Moss,TE388,,1404.0,,,,,1404,,
2006,DeAngelo Hardy,WR768,,1412.0,,,,,1412,,
2007,Matt LaCosse,TE389,NE,1414.0,,,,,1414,,
2008,Breshad Perriman,WR769,,1415.0,,,,,1415,,
2009,Ronald Jones,RB449,,1423.0,,,,,1423,,
2010,Kendall Blanton,TE390,,1441.0,,,,,1441,,
2011,Theo Riddick,RB450,,1444.0,,,,,1444,,
2012,Caleb Huntley,RB451,,1445.0,,,,,1445,,
